Workbook

Sheet Raw Data
A1: Price | B1: Address | C1: City | D1: Zipcode | E1: State | F1: Bedrooms | G1: Bathrooms | H1: Area (sqft) | I1: Lot Size(sqft) | J1: Year Built | K1: Days on Market | L1: Property Type | M1: MLS ID | N1: Listing Agent | O1: Status | P1: Listing URL
A2: $554,217 | B2: 5926 Oak Ave, San Diego, CA 65383 | C2: San Diego | D2: 65383 | E2: CA | F2: 1 bds | G2: 3 ba | H2: 772 | I2: 4757 | J2: 1959 | K2: 101 | L2: Townhouse | M2: Z104635 | N2: Alex Johnson - Compass | O2: For Sale | P2: https://www.zillow.com/homedetails/80374762_zpid/
A3: $164,454 | B3: 9583 Oak Ave, Fresno, IL 79339 | C3: Fresno | D3: 79339 | E3: IL | F3: 1 bds | G3: 1 ba | H3: 2348 | I3: 3615 | J3: 1969 | K3: 46 | L3: Apartment | M3: Z535721 | N3: Emily Davis - Century 21 | O3: Sold | P3: https://www.zillow.com/homedetails/86143665_zpid/
A4: $1,249,331 | B4: 8224 Oak Ave, Sacramento, TX 87393 | C4: Sacramento | D4: 87393 | E4: TX | F4: 6 bds | G4: 1 ba | H4: 3630 | I4: 9369 | J4: 1990 | K4: 59 | L4: Townhouse | M4: Z900458 | N4: Mike Lee - Coldwell Banker | O4: For Sale | P4: https://www.zillow.com/homedetails/86143665_zpid/
A5: $189,267 | B5: 232 Oak Ave, Fresno, TX 38666 | C5: Fresno | D5: 38666 | E5: TX | F5: 2 bds | G5: 1 ba | H5: 605 | I5: 8804 | J5: 1958 | K5: 119 | L5: Apartment | M5: Z318589 | N5: John Doe - RE/MAX | O5: Pending | P5: https://www.zillow.com/homedetails/39318132_zpid/
A6: $465,778 | B6: 5446 Pine Rd, Los Angeles, CA 23989 | C6: Los Angeles | D6: 23989 | E6: CA | F6: 3 bds | G6: 2 ba | H6: 1711 | I6: 9260 | J6: 2020 | K6: 26 | L6: Townhouse | M6: Z899716 | N6: John Doe - RE/MAX | O6: Pending | P6: https://www.zillow.com/homedetails/22454634_zpid/
A7: $738,357 | B7: 9202 Maple Dr, Sacramento, NY 71318 | C7: Sacramento | D7: 71318 | E7: NY | F7: 5 bds | G7: 3 ba | H7: 1177 | I7: 8317 | J7: 2015 | K7: 35 | L7: Multi-Family | M7: Z865468 | N7: Jane Smith - Keller Williams | O7: Pending | P7: https://www.zillow.com/homedetails/90690049_zpid/
A8: $1,325,395 | B8: 2698 Elm St, Sacramento, NY 57421 | C8: Sacramento | D8: 57421 | E8: NY | F8: 6 bds | G8: 1 ba | H8: 1990 | I8: 5592 | J8: 2012 | K8: 94 | L8: Townhouse | M8: Z689873 | N8: Alex Johnson - Compass | O8: Pending | P8: https://www.zillow.com/homedetails/99288749_zpid/
A9: $1,158,003 | B9: 2118 Main St, San Diego, IL 64361 | C9: San Diego | D9: 64361 | E9: IL | F9: 2 bds | G9: 2 ba | H9: 1008 | I9: 6010 | J9: 1975 | K9: 75 | L9: Townhouse | M9: Z329631 | N9: John Doe - RE/MAX | O9: For Sale | P9: https://www.zillow.com/homedetails/91922548_zpid/
A10: $240,095 | B10: 9474 Main St, San Francisco, FL 13227 | C10: San Francisco | D10: 13227 | E10: FL | F10: 6 bds | G10: 2 ba | H10: 929 | I10: 5449 | J10: 1975 | K10: 79 | L10: Townhouse | M10: Z839936 | N10: John Doe - RE/MAX | O10: Pending | P10: https://www.zillow.com/homedetails/79694016_zpid/
A11: $1,356,448 | B11: 8803 Maple Dr, San Diego, NY 57397 | C11: San Diego | D11: 57397 | E11: NY | F11: 2 bds | G11: 3 ba | H11: 2094 | I11: 2179 | J11: 1970 | K11: 111 | L11: Multi-Family | M11: Z264011 | N11: John Doe - RE/MAX | O11: Pending | P11: https://www.zillow.com/homedetails/13312383_zpid/
A12: $678,604 | B12: 7535 Elm St, San Diego, FL 70072 | C12: San Diego | D12: 70072 | E12: FL | F12: 3 bds | G12: 3 ba | H12: 2350 | I12: 3341 | J12: 2013 | K12: 25 | L12: Multi-Family | M12: Z298501 | N12: John Doe - RE/MAX | O12: Pending | P12: https://www.zillow.com/homedetails/27502592_zpid/
A13: $1,264,926 | B13: 413 Main St, Fresno, CA 57401 | C13: Fresno | D13: 57401 | E13: CA | F13: 3 bds | G13: 1 ba | H13: 2407 | I13: 2609 | J13: 1989 | K13: 79 | L13: Apartment | M13: Z282442 | N13: Emily Davis - Century 21 | O13: Sold | P13: https://www.zillow.com/homedetails/63532546_zpid/
... A3001: $712,029 | B3001: 4392 Maple Dr, Los Angeles, NY 89198 | C3001: Los Angeles | D3001: 89198 | E3001: NY | F3001: 4 bds | G3001: 3 ba | H3001: 2967 | I3001: 8071 | J3001: 1985 | K3001: 32 | L3001: Condo | M3001: Z876426 | N3001: Alex Johnson - Compass | O3001: For Sale | P3001: https://www.zillow.com/homedetails/64854326_zpid/

Sheet Analysis
A1: Price | B1: Address | C1: City | D1: Zipcode | E1: State | F1: Bedrooms | G1: Bathrooms | H1: Area (Sqft) | I1: Lot Size(Sqft) | J1: Year Built | K1: Days on Market | L1: Property Type | M1: MLS ID | N1: Listing Agent | O1: Status | P1: Duplicated MLS | Q1: Duplicacy status | R1: Area Category | S1: Age of Property | T1: Age Category
A2: 554217 | B2: 5926 Oak Ave, San Diego, CA 65383 | C2: San Diego | D2: 65383 | E2: CA | F2: 1 bds | G2: 3 ba | H2: 772 | I2: 4757 | J2: 1959 | K2: 101 | L2: Townhouse | M2: Z104635 | N2: Alex Johnson - Compass | O2: For Sale | P2: =COUNTIF(Analysis!$M$1:$M$3001,Analysis!$M2) -> 1 | Q2: =IF(COUNTIF(Analysis!$M$2:$M$3001,Analysis!$M2)>1,"Duplicate","OK") -> OK | R2: =IFS( AND(H2>=600, H2<1600),"600-1600", AND(H2>=1600, H2<2600),"1600-2600", AND(H2>=2600, H2<3600),"2600-3600", H2>=3600,"3600+" ) -> 600-1600 | S2: =year(TODAY())-J2 -> 67 | T2: =ifs(AND(S2>=0,S2<=10),"New",AND(S2>10,S2<=30),"Mid",AND(S2>30,S2<=60),"Old",S2>60,"Very Old") -> Very Old
A3: 100866 | B3: 1395 Elm St, Fresno, NY 47843 | C3: Fresno | D3: 47843 | E3: NY | F3: 1 bds | G3: 1 ba | H3: 2107 | I3: 6485 | J3: 2012 | K3: 10 | L3: Apartment | M3: Z577065 | N3: Mike Lee - Coldwell Banker | O3: Sold | P3: =COUNTIF(Analysis!$M$1:$M$3001,Analysis!$M136) -> 1 | Q3: =IF(COUNTIF(Analysis!$M$2:$M$3001,Analysis!$M136)>1,"Duplicate","OK") -> OK | R3: =IFS( AND(H3>=600, H3<1600),"600-1600", AND(H3>=1600, H3<2600),"1600-2600", AND(H3>=2600, H3<3600),"2600-3600", H3>=3600,"3600+" ) -> 1600-2600 | S3: =year(TODAY())-J3 -> 14 | T3: =ifs(AND(S3>=0,S3<=10),"New",AND(S3>10,S3<=30),"Mid",AND(S3>30,S3<=60),"Old",S3>60,"Very Old") -> Mid
A4: 1249331 | B4: 9583 Oak Ave, Fresno, IL 79339 | C4: Sacramento | D4: 87393 | E4: TX | F4: 6 bds | G4: 1 ba | H4: 3630 | I4: 9369 | J4: 1990 | K4: 59 | L4: Townhouse | M4: Z900458 | N4: Mike Lee - Coldwell Banker | O4: For Sale | P4: =COUNTIF(Analysis!$M$1:$M$3001,Analysis!$M4) -> 1 | Q4: =IF(COUNTIF(Analysis!$M$2:$M$3001,Analysis!$M4)>1,"Duplicate","OK") -> OK | R4: =IFS( AND(H4>=600, H4<1600),"600-1600", AND(H4>=1600, H4<2600),"1600-2600", AND(H4>=2600, H4<3600),"2600-3600", H4>=3600,"3600+" ) -> 3600+ | S4: =year(TODAY())-J4 -> 36 | T4: =ifs(AND(S4>=0,S4<=10),"New",AND(S4>10,S4<=30),"Mid",AND(S4>30,S4<=60),"Old",S4>60,"Very Old") -> Old | AL4: Status | AM4: No. of Properties
A5: 101833 | B5: 4704 Oak Ave, Fresno, NY 12937 | C5: Fresno | D5: 12937 | E5: NY | F5: 3 bds | G5: 2 ba | H5: 2943 | I5: 5547 | J5: 2017 | K5: 55 | L5: Single Family | M5: Z877137 | N5: Mike Lee - Coldwell Banker | O5: Pending | P5: =COUNTIF(Analysis!$M$1:$M$3001,Analysis!$M2470) -> 1 | Q5: =IF(COUNTIF(Analysis!$M$2:$M$3001,Analysis!$M2470)>1,"Duplicate","OK") -> OK | R5: =IFS( AND(H5>=600, H5<1600),"600-1600", AND(H5>=1600, H5<2600),"1600-2600", AND(H5>=2600, H5<3600),"2600-3600", H5>=3600,"3600+" ) -> 2600-3600 | S5: =year(TODAY())-J5 -> 9 | T5: =ifs(AND(S5>=0,S5<=10),"New",AND(S5>10,S5<=30),"Mid",AND(S5>30,S5<=60),"Old",S5>60,"Very Old") -> New | AL5: For Sale | AM5: =COUNTIF(Listings[Status],AL5) -> 957 | AN5: =AM5/AM8*100 -> 31.9 | BH5: Price | BI5: Address | BJ5: City | BK5: Zipcode | BL5: State | BM5: Bedrooms | BN5: Bathrooms | BO5: Area (Sqft) | BP5: Lot Size | BQ5: Year Built | BR5: Days on Market | BS5: Property Type | BT5: MLS ID | BU5: Listing Agent | BV5: Status | BW5: Duplicated MLS | BX5: Duplicacy status
A6: 465778 | B6: 5446 Pine Rd, Los Angeles, CA 23989 | C6: Los Angeles | D6: 23989 | E6: CA | F6: 3 bds | G6: 2 ba | H6: 1711 | I6: 9260 | J6: 2020 | K6: 26 | L6: Townhouse | M6: Z899716 | N6: John Doe - RE/MAX | O6: Pending | P6: =COUNTIF(Analysis!$M$1:$M$3001,Analysis!$M6) -> 1 | Q6: =IF(COUNTIF(Analysis!$M$2:$M$3001,Analysis!$M6)>1,"Duplicate","OK") -> OK | R6: =IFS( AND(H6>=600, H6<1600),"600-1600", AND(H6>=1600, H6<2600),"1600-2600", AND(H6>=2600, H6<3600),"2600-3600", H6>=3600,"3600+" ) -> 1600-2600 | S6: =year(TODAY())-J6 -> 6 | T6: =ifs(AND(S6>=0,S6<=10),"New",AND(S6>10,S6<=30),"Mid",AND(S6>30,S6<=60),"Old",S6>60,"Very Old") -> New | V6: State | W6: Max Price | Z6: City | AA6: Average Price | AD6: Property Type | AE6: Average Price | AL6: Pending | AM6: =COUNTIF(Analysis!$O$2:$O$3001,AL6) -> 998 | AN6: =AM6/AM8*100 -> 33.266667 | BH6: =IFERROR(__xludf.DUMMYFUNCTION("QUERY(Listings,""select * where N = 'Alex Johnson - Compass' and O = 'Sold'"",0)"),282593.0) -> 282593 | BI6: =IFERROR(__xludf.DUMMYFUNCTION("""COMPUTED_VALUE"""),"8789 Oak Ave, San Francisco, TX 99388") -> 8789 Oak Ave, San Francisco, TX 99388 | BJ6: =IFERROR(__xludf.DUMMYFUNCTION("""COMPUTED_VALUE"""),"San Francisco") -> San Francisco | BK6: =IFERROR(__xludf.DUMMYFUNCTION("""COMPUTED_VALUE"""),99388.0) -> 99388 | BL6: =IFERROR(__xludf.DUMMYFUNCTION("""COMPUTED_VALUE"""),"TX") -> TX | BM6: =IFERROR(__xludf.DUMMYFUNCTION("""COMPUTED_VALUE"""),"6 bds") -> 6 bds | BN6: =IFERROR(__xludf.DUMMYFUNCTION("""COMPUTED_VALUE"""),"2 ba") -> 2 ba | BO6: =IFERROR(__xludf.DUMMYFUNCTION("""COMPUTED_VALUE"""),2153.0) -> 2153 | BP6: =IFERROR(__xludf.DUMMYFUNCTION("""COMPUTED_VALUE"""),6999.0) -> 6999 | BQ6: =IFERROR(__xludf.DUMMYFUNCTION("""COMPUTED_VALUE"""),1977.0) -> 1977 | BR6: =IFERROR(__xludf.DUMMYFUNCTION("""COMPUTED_VALUE"""),31.0) -> 31 | BS6: =IFERROR(__xludf.DUMMYFUNCTION("""COMPUTED_VALUE"""),"Single Family") -> Single Family | BT6: =IFERROR(__xludf.DUMMYFUNCTION("""COMPUTED_VALUE"""),"Z620042") -> Z620042 | BU6: =IFERROR(__xludf.DUMMYFUNCTION("""COMPUTED_VALUE"""),"Alex Johnson - Compass") -> Alex Johnson - Compass | BV6: =IFERROR(__xludf.DUMMYFUNCTION("""COMPUTED_VALUE"""),"Sold") -> Sold | BW6: =IFERROR(__xludf.DUMMYFUNCTION("""COMPUTED_VALUE"""),1.0) -> 1 | BX6: =IFERROR(__xludf.DUMMYFUNCTION("""COMPUTED_VALUE"""),"OK") -> OK | BY6: =IFERROR(__xludf.DUMMYFUNCTION("""COMPUTED_VALUE"""),"1600-2600") -> 1600-2600 | BZ6: =IFERROR(__xludf.DUMMYFUNCTION("""COMPUTED_VALUE"""),49.0) -> 49 | CA6: =IFERROR(__xludf.DUMMYFUNCTION("""COMPUTED_VALUE"""),"Old") -> Old
A7: 738357 | B7: 9202 Maple Dr, Sacramento, NY 71318 | C7: Sacramento | D7: 71318 | E7: NY | F7: 5 bds | G7: 3 ba | H7: 1177 | I7: 8317 | J7: 2015 | K7: 35 | L7: Multi-Family | M7: Z865468 | N7: Jane Smith - Keller Williams | O7: Pending | P7: =COUNTIF(Analysis!$M$1:$M$3001,Analysis!$M7) -> 1 | Q7: =IF(COUNTIF(Analysis!$M$2:$M$3001,Analysis!$M7)>1,"Duplicate","OK") -> OK | R7: =IFS( AND(H7>=600, H7<1600),"600-1600", AND(H7>=1600, H7<2600),"1600-2600", AND(H7>=2600, H7<3600),"2600-3600", H7>=3600,"3600+" ) -> 600-1600 | S7: =year(TODAY())-J7 -> 11 | T7: =ifs(AND(S7>=0,S7<=10),"New",AND(S7>10,S7<=30),"Mid",AND(S7>30,S7<=60),"Old",S7>60,"Very Old") -> Mid | V7: CA | W7: =maxifs(Listings[Price],Listings[State],V7) -> 1499218 | Z7: San Diego | AA7: =AVERAGEIF(Listings[City],C2,Listings[Price]) -> 814489.25 | AD7: Townhouse | AE7: =Averageif(Listings[Property Type],AD7,Listings[Price]) -> 813447.35 | AL7: Sold | AM7: =COUNTIF(Listings[Status],AL7) -> 1045 | AN7: =AM7/AM8*100 -> 34.833333 | BH7: =IFERROR(__xludf.DUMMYFUNCTION("""COMPUTED_VALUE"""),1440759.0) -> 1440759 | BI7: =IFERROR(__xludf.DUMMYFUNCTION("""COMPUTED_VALUE"""),"4328 Pine Rd, San Diego, TX 55033") -> 4328 Pine Rd, San Diego, TX 55033 | BJ7: =IFERROR(__xludf.DUMMYFUNCTION("""COMPUTED_VALUE"""),"San Diego") -> San Diego | BK7: =IFERROR(__xludf.DUMMYFUNCTION("""COMPUTED_VALUE"""),55033.0) -> 55033 | BL7: =IFERROR(__xludf.DUMMYFUNCTION("""COMPUTED_VALUE"""),"TX") -> TX | BM7: =IFERROR(__xludf.DUMMYFUNCTION("""COMPUTED_VALUE"""),"5 bds") -> 5 bds | BN7: =IFERROR(__xludf.DUMMYFUNCTION("""COMPUTED_VALUE"""),"3 ba") -> 3 ba | BO7: =IFERROR(__xludf.DUMMYFUNCTION("""COMPUTED_VALUE"""),1012.0) -> 1012 | BP7: =IFERROR(__xludf.DUMMYFUNCTION("""COMPUTED_VALUE"""),6279.0) -> 6279 | BQ7: =IFERROR(__xludf.DUMMYFUNCTION("""COMPUTED_VALUE"""),1954.0) -> 1954 | BR7: =IFERROR(__xludf.DUMMYFUNCTION("""COMPUTED_VALUE"""),94.0) -> 94 | BS7: =IFERROR(__xludf.DUMMYFUNCTION("""COMPUTED_VALUE"""),"Condo") -> Condo | BT7: =IFERROR(__xludf.DUMMYFUNCTION("""COMPUTED_VALUE"""),"Z833664") -> Z833664 | BU7: =IFERROR(__xludf.DUMMYFUNCTION("""COMPUTED_VALUE"""),"Alex Johnson - Compass") -> Alex Johnson - Compass | BV7: =IFERROR(__xludf.DUMMYFUNCTION("""COMPUTED_VALUE"""),"Sold") -> Sold | BW7: =IFERROR(__xludf.DUMMYFUNCTION("""COMPUTED_VALUE"""),1.0) -> 1 | BX7: =IFERROR(__xludf.DUMMYFUNCTION("""COMPUTED_VALUE"""),"OK") -> OK | BY7: =IFERROR(__xludf.DUMMYFUNCTION("""COMPUTED_VALUE"""),"600-1600") -> 600-1600 | BZ7: =IFERROR(__xludf.DUMMYFUNCTION("""COMPUTED_VALUE"""),72.0) -> 72 | CA7: =IFERROR(__xludf.DUMMYFUNCTION("""COMPUTED_VALUE"""),"Very Old") -> Very Old
A8: 1325395 | B8: 2698 Elm St, Sacramento, NY 57421 | C8: Sacramento | D8: 57421 | E8: NY | F8: 6 bds | G8: 1 ba | H8: 1990 | I8: 5592 | J8: 2012 | K8: 94 | L8: Townhouse | M8: Z689873 | N8: Alex Johnson - Compass | O8: Pending | P8: =COUNTIF(Analysis!$M$1:$M$3001,Analysis!$M8) -> 1 | Q8: =IF(COUNTIF(Analysis!$M$2:$M$3001,Analysis!$M8)>1,"Duplicate","OK") -> OK | R8: =IFS( AND(H8>=600, H8<1600),"600-1600", AND(H8>=1600, H8<2600),"1600-2600", AND(H8>=2600, H8<3600),"2600-3600", H8>=3600,"3600+" ) -> 1600-2600 | S8: =year(TODAY())-J8 -> 14 | T8: =ifs(AND(S8>=0,S8<=10),"New",AND(S8>10,S8<=30),"Mid",AND(S8>30,S8<=60),"Old",S8>60,"Very Old") -> Mid | V8: FL | W8: =maxifs(Listings[Price],Listings[State],V8) -> 1496345 | Z8: Fresno | AA8: =AVERAGEIF(Listings[City],C3,Listings[Price]) -> 833497.57 | AD8: Apartment | AE8: =Averageif(Listings[Property Type],AD8,Listings[Price]) -> 825628.62 | AM8: =SUM(AM5:AM7) -> 3000 | BH8: =IFERROR(__xludf.DUMMYFUNCTION("""COMPUTED_VALUE"""),1256611.0) -> 1256611 | BI8: =IFERROR(__xludf.DUMMYFUNCTION("""COMPUTED_VALUE"""),"3492 Pine Rd, Sacramento, CA 23389") -> 3492 Pine Rd, Sacramento, CA 23389 | BJ8: =IFERROR(__xludf.DUMMYFUNCTION("""COMPUTED_VALUE"""),"Sacramento") -> Sacramento | BK8: =IFERROR(__xludf.DUMMYFUNCTION("""COMPUTED_VALUE"""),23389.0) -> 23389 | BL8: =IFERROR(__xludf.DUMMYFUNCTION("""COMPUTED_VALUE"""),"CA") -> CA | BM8: =IFERROR(__xludf.DUMMYFUNCTION("""COMPUTED_VALUE"""),"2 bds") -> 2 bds | BN8: =IFERROR(__xludf.DUMMYFUNCTION("""COMPUTED_VALUE"""),"4 ba") -> 4 ba | BO8: =IFERROR(__xludf.DUMMYFUNCTION("""COMPUTED_VALUE"""),3037.0) -> 3037 | BP8: =IFERROR(__xludf.DUMMYFUNCTION("""COMPUTED_VALUE"""),9989.0) -> 9989 | BQ8: =IFERROR(__xludf.DUMMYFUNCTION("""COMPUTED_VALUE"""),1956.0) -> 1956 | BR8: =IFERROR(__xludf.DUMMYFUNCTION("""COMPUTED_VALUE"""),25.0) -> 25 | BS8: =IFERROR(__xludf.DUMMYFUNCTION("""COMPUTED_VALUE"""),"Townhouse") -> Townhouse | BT8: =IFERROR(__xludf.DUMMYFUNCTION("""COMPUTED_VALUE"""),"Z587830") -> Z587830 | BU8: =IFERROR(__xludf.DUMMYFUNCTION("""COMPUTED_VALUE"""),"Alex Johnson - Compass") -> Alex Johnson - Compass | BV8: =IFERROR(__xludf.DUMMYFUNCTION("""COMPUTED_VALUE"""),"Sold") -> Sold | BW8: =IFERROR(__xludf.DUMMYFUNCTION("""COMPUTED_VALUE"""),1.0) -> 1 | BX8: =IFERROR(__xludf.DUMMYFUNCTION("""COMPUTED_VALUE"""),"OK") -> OK | BY8: =IFERROR(__xludf.DUMMYFUNCTION("""COMPUTED_VALUE"""),"2600-3600") -> 2600-3600 | BZ8: =IFERROR(__xludf.DUMMYFUNCTION("""COMPUTED_VALUE"""),70.0) -> 70 | CA8: =IFERROR(__xludf.DUMMYFUNCTION("""COMPUTED_VALUE"""),"Very Old") -> Very Old
A9: 1158003 | B9: 2118 Main St, San Diego, IL 64361 | C9: San Diego | D9: 64361 | E9: IL | F9: 2 bds | G9: 2 ba | H9: 1008 | I9: 6010 | J9: 1975 | K9: 75 | L9: Townhouse | M9: Z329631 | N9: John Doe - RE/MAX | O9: For Sale | P9: =COUNTIF(Analysis!$M$1:$M$3001,Analysis!$M9) -> 1 | Q9: =IF(COUNTIF(Analysis!$M$2:$M$3001,Analysis!$M9)>1,"Duplicate","OK") -> OK | R9: =IFS( AND(H9>=600, H9<1600),"600-1600", AND(H9>=1600, H9<2600),"1600-2600", AND(H9>=2600, H9<3600),"2600-3600", H9>=3600,"3600+" ) -> 600-1600 | S9: =year(TODAY())-J9 -> 51 | T9: =ifs(AND(S9>=0,S9<=10),"New",AND(S9>10,S9<=30),"Mid",AND(S9>30,S9<=60),"Old",S9>60,"Very Old") -> Old | V9: IL | W9: =maxifs(Listings[Price],Listings[State],V9) -> 1496721 | Z9: Sacramento | AA9: =AVERAGEIF(Listings[City],Z9,Listings[Price]) -> 804244.18 | AD9: Single Family | AE9: =Averageif(Listings[Property Type],AD9,Listings[Price]) -> 824646.21 | BH9: =IFERROR(__xludf.DUMMYFUNCTION("""COMPUTED_VALUE"""),439407.0) -> 439407 | BI9: =IFERROR(__xludf.DUMMYFUNCTION("""COMPUTED_VALUE"""),"1157 Pine Rd, San Francisco, IL 97204") -> 1157 Pine Rd, San Francisco, IL 97204 | BJ9: =IFERROR(__xludf.DUMMYFUNCTION("""COMPUTED_VALUE"""),"San Francisco") -> San Francisco | BK9: =IFERROR(__xludf.DUMMYFUNCTION("""COMPUTED_VALUE"""),97204.0) -> 97204 | BL9: =IFERROR(__xludf.DUMMYFUNCTION("""COMPUTED_VALUE"""),"IL") -> IL | BM9: =IFERROR(__xludf.DUMMYFUNCTION("""COMPUTED_VALUE"""),"2 bds") -> 2 bds | BN9: =IFERROR(__xludf.DUMMYFUNCTION("""COMPUTED_VALUE"""),"4 ba") -> 4 ba | BO9: =IFERROR(__xludf.DUMMYFUNCTION("""COMPUTED_VALUE"""),2796.0) -> 2796 | BP9: =IFERROR(__xludf.DUMMYFUNCTION("""COMPUTED_VALUE"""),7855.0) -> 7855 | BQ9: =IFERROR(__xludf.DUMMYFUNCTION("""COMPUTED_VALUE"""),1969.0) -> 1969 | BR9: =IFERROR(__xludf.DUMMYFUNCTION("""COMPUTED_VALUE"""),15.0) -> 15 | BS9: =IFERROR(__xludf.DUMMYFUNCTION("""COMPUTED_VALUE"""),"Apartment") -> Apartment | BT9: =IFERROR(__xludf.DUMMYFUNCTION("""COMPUTED_VALUE"""),"Z685882") -> Z685882 | BU9: =IFERROR(__xludf.DUMMYFUNCTION("""COMPUTED_VALUE"""),"Alex Johnson - Compass") -> Alex Johnson - Compass | BV9: =IFERROR(__xludf.DUMMYFUNCTION("""COMPUTED_VALUE"""),"Sold") -> Sold | BW9: =IFERROR(__xludf.DUMMYFUNCTION("""COMPUTED_VALUE"""),1.0) -> 1 | BX9: =IFERROR(__xludf.DUMMYFUNCTION("""COMPUTED_VALUE"""),"OK") -> OK | BY9: =IFERROR(__xludf.DUMMYFUNCTION("""COMPUTED_VALUE"""),"2600-3600") -> 2600-3600 | BZ9: =IFERROR(__xludf.DUMMYFUNCTION("""COMPUTED_VALUE"""),57.0) -> 57 | CA9: =IFERROR(__xludf.DUMMYFUNCTION("""COMPUTED_VALUE"""),"Old") -> Old
A10: 240095 | B10: 9474 Main St, San Francisco, FL 13227 | C10: San Francisco | D10: 13227 | E10: FL | F10: 6 bds | G10: 2 ba | H10: 929 | I10: 5449 | J10: 1975 | K10: 79 | L10: Townhouse | M10: Z839936 | N10: John Doe - RE/MAX | O10: Pending | P10: =COUNTIF(Analysis!$M$1:$M$3001,Analysis!$M10) -> 1 | Q10: =IF(COUNTIF(Analysis!$M$2:$M$3001,Analysis!$M10)>1,"Duplicate","OK") -> OK | R10: =IFS( AND(H10>=600, H10<1600),"600-1600", AND(H10>=1600, H10<2600),"1600-2600", AND(H10>=2600, H10<3600),"2600-3600", H10>=3600,"3600+" ) -> 600-1600 | S10: =year(TODAY())-J10 -> 51 | T10: =ifs(AND(S10>=0,S10<=10),"New",AND(S10>10,S10<=30),"Mid",AND(S10>30,S10<=60),"Old",S10>60,"Very Old") -> Old | V10: NY | W10: =maxifs(Listings[Price],Listings[State],V10) -> 1498990 | Z10: Los Angeles | AA10: =AVERAGEIF(Listings[City],Z10,Listings[Price]) -> 815039.32 | AD10: Multi-Family | AE10: =Averageif(Listings[Property Type],AD10,Listings[Price]) -> 824386.87 | BH10: =IFERROR(__xludf.DUMMYFUNCTION("""COMPUTED_VALUE"""),204351.0) -> 204351 | BI10: =IFERROR(__xludf.DUMMYFUNCTION("""COMPUTED_VALUE"""),"7772 Maple Dr, Los Angeles, NY 94493") -> 7772 Maple Dr, Los Angeles, NY 94493 | BJ10: =IFERROR(__xludf.DUMMYFUNCTION("""COMPUTED_VALUE"""),"Los Angeles") -> Los Angeles | BK10: =IFERROR(__xludf.DUMMYFUNCTION("""COMPUTED_VALUE"""),94493.0) -> 94493 | BL10: =IFERROR(__xludf.DUMMYFUNCTION("""COMPUTED_VALUE"""),"NY") -> NY | BM10: =IFERROR(__xludf.DUMMYFUNCTION("""COMPUTED_VALUE"""),"4 bds") -> 4 bds | BN10: =IFERROR(__xludf.DUMMYFUNCTION("""COMPUTED_VALUE"""),"3 ba") -> 3 ba | BO10: =IFERROR(__xludf.DUMMYFUNCTION("""COMPUTED_VALUE"""),1540.0) -> 1540 | BP10: =IFERROR(__xludf.DUMMYFUNCTION("""COMPUTED_VALUE"""),4699.0) -> 4699 | BQ10: =IFERROR(__xludf.DUMMYFUNCTION("""COMPUTED_VALUE"""),1962.0) -> 1962 | BR10: =IFERROR(__xludf.DUMMYFUNCTION("""COMPUTED_VALUE"""),34.0) -> 34 | BS10: =IFERROR(__xludf.DUMMYFUNCTION("""COMPUTED_VALUE"""),"Multi-Family") -> Multi-Family | BT10: =IFERROR(__xludf.DUMMYFUNCTION("""COMPUTED_VALUE"""),"Z599335") -> Z599335 | BU10: =IFERROR(__xludf.DUMMYFUNCTION("""COMPUTED_VALUE"""),"Alex Johnson - Compass") -> Alex Johnson - Compass | BV10: =IFERROR(__xludf.DUMMYFUNCTION("""COMPUTED_VALUE"""),"Sold") -> Sold | BW10: =IFERROR(__xludf.DUMMYFUNCTION("""COMPUTED_VALUE"""),1.0) -> 1 | BX10: =IFERROR(__xludf.DUMMYFUNCTION("""COMPUTED_VALUE"""),"OK") -> OK | BY10: =IFERROR(__xludf.DUMMYFUNCTION("""COMPUTED_VALUE"""),"600-1600") -> 600-1600 | BZ10: =IFERROR(__xludf.DUMMYFUNCTION("""COMPUTED_VALUE"""),64.0) -> 64 | CA10: =IFERROR(__xludf.DUMMYFUNCTION("""COMPUTED_VALUE"""),"Very Old") -> Very Old
A11: 1356448 | B11: 8803 Maple Dr, San Diego, NY 57397 | C11: San Diego | D11: 57397 | E11: NY | F11: 2 bds | G11: 3 ba | H11: 2094 | I11: 2179 | J11: 1970 | K11: 111 | L11: Multi-Family | M11: Z264011 | N11: John Doe - RE/MAX | O11: Pending | P11: =COUNTIF(Analysis!$M$1:$M$3001,Analysis!$M11) -> 1 | Q11: =IF(COUNTIF(Analysis!$M$2:$M$3001,Analysis!$M11)>1,"Duplicate","OK") -> OK | R11: =IFS( AND(H11>=600, H11<1600),"600-1600", AND(H11>=1600, H11<2600),"1600-2600", AND(H11>=2600, H11<3600),"2600-3600", H11>=3600,"3600+" ) -> 1600-2600 | S11: =year(TODAY())-J11 -> 56 | T11: =ifs(AND(S11>=0,S11<=10),"New",AND(S11>10,S11<=30),"Mid",AND(S11>30,S11<=60),"Old",S11>60,"Very Old") -> Old | V11: TX | W11: =maxifs(Listings[Price],Listings[State],V11) -> 1499473 | Z11: San Francisco | AA11: =AVERAGEIF(Listings[City],Z11,Listings[Price]) -> 787924.53 | AD11: Condo | AE11: =Averageif(Listings[Property Type],AD11,Listings[Price]) -> 768002.41 | BH11: =IFERROR(__xludf.DUMMYFUNCTION("""COMPUTED_VALUE"""),970820.0) -> 970820 | BI11: =IFERROR(__xludf.DUMMYFUNCTION("""COMPUTED_VALUE"""),"865 Maple Dr, Sacramento, CA 97567") -> 865 Maple Dr, Sacramento, CA 97567 | BJ11: =IFERROR(__xludf.DUMMYFUNCTION("""COMPUTED_VALUE"""),"Sacramento") -> Sacramento | BK11: =IFERROR(__xludf.DUMMYFUNCTION("""COMPUTED_VALUE"""),97567.0) -> 97567 | BL11: =IFERROR(__xludf.DUMMYFUNCTION("""COMPUTED_VALUE"""),"CA") -> CA | BM11: =IFERROR(__xludf.DUMMYFUNCTION("""COMPUTED_VALUE"""),"5 bds") -> 5 bds | BN11: =IFERROR(__xludf.DUMMYFUNCTION("""COMPUTED_VALUE"""),"3 ba") -> 3 ba | BO11: =IFERROR(__xludf.DUMMYFUNCTION("""COMPUTED_VALUE"""),1506.0) -> 1506 | BP11: =IFERROR(__xludf.DUMMYFUNCTION("""COMPUTED_VALUE"""),3116.0) -> 3116 | BQ11: =IFERROR(__xludf.DUMMYFUNCTION("""COMPUTED_VALUE"""),2004.0) -> 2004 | BR11: =IFERROR(__xludf.DUMMYFUNCTION("""COMPUTED_VALUE"""),117.0) -> 117 | BS11: =IFERROR(__xludf.DUMMYFUNCTION("""COMPUTED_VALUE"""),"Townhouse") -> Townhouse | BT11: =IFERROR(__xludf.DUMMYFUNCTION("""COMPUTED_VALUE"""),"Z865226") -> Z865226 | BU11: =IFERROR(__xludf.DUMMYFUNCTION("""COMPUTED_VALUE"""),"Alex Johnson - Compass") -> Alex Johnson - Compass | BV11: =IFERROR(__xludf.DUMMYFUNCTION("""COMPUTED_VALUE"""),"Sold") -> Sold | BW11: =IFERROR(__xludf.DUMMYFUNCTION("""COMPUTED_VALUE"""),1.0) -> 1 | BX11: =IFERROR(__xludf.DUMMYFUNCTION("""COMPUTED_VALUE"""),"OK") -> OK | BY11: =IFERROR(__xludf.DUMMYFUNCTION("""COMPUTED_VALUE"""),"600-1600") -> 600-1600 | BZ11: =IFERROR(__xludf.DUMMYFUNCTION("""COMPUTED_VALUE"""),22.0) -> 22 | CA11: =IFERROR(__xludf.DUMMYFUNCTION("""COMPUTED_VALUE"""),"Mid") -> Mid
A12: 678604 | B12: 7535 Elm St, San Diego, FL 70072 | C12: San Diego | D12: 70072 | E12: FL | F12: 3 bds | G12: 3 ba | H12: 2350 | I12: 3341 | J12: 2013 | K12: 25 | L12: Multi-Family | M12: Z298501 | N12: John Doe - RE/MAX | O12: Pending | P12: =COUNTIF(Analysis!$M$1:$M$3001,Analysis!$M12) -> 1 | Q12: =IF(COUNTIF(Analysis!$M$2:$M$3001,Analysis!$M12)>1,"Duplicate","OK") -> OK | R12: =IFS( AND(H12>=600, H12<1600),"600-1600", AND(H12>=1600, H12<2600),"1600-2600", AND(H12>=2600, H12<3600),"2600-3600", H12>=3600,"3600+" ) -> 1600-2600 | S12: =year(TODAY())-J12 -> 13 | T12: =ifs(AND(S12>=0,S12<=10),"New",AND(S12>10,S12<=30),"Mid",AND(S12>30,S12<=60),"Old",S12>60,"Very Old") -> Mid | BH12: =IFERROR(__xludf.DUMMYFUNCTION("""COMPUTED_VALUE"""),1122084.0) -> 1122084 | BI12: =IFERROR(__xludf.DUMMYFUNCTION("""COMPUTED_VALUE"""),"6791 Oak Ave, San Diego, NY 80136") -> 6791 Oak Ave, San Diego, NY 80136 | BJ12: =IFERROR(__xludf.DUMMYFUNCTION("""COMPUTED_VALUE"""),"San Diego") -> San Diego | BK12: =IFERROR(__xludf.DUMMYFUNCTION("""COMPUTED_VALUE"""),80136.0) -> 80136 | BL12: =IFERROR(__xludf.DUMMYFUNCTION("""COMPUTED_VALUE"""),"NY") -> NY | BM12: =IFERROR(__xludf.DUMMYFUNCTION("""COMPUTED_VALUE"""),"6 bds") -> 6 bds | BN12: =IFERROR(__xludf.DUMMYFUNCTION("""COMPUTED_VALUE"""),"2 ba") -> 2 ba | BO12: =IFERROR(__xludf.DUMMYFUNCTION("""COMPUTED_VALUE"""),3061.0) -> 3061 | BP12: =IFERROR(__xludf.DUMMYFUNCTION("""COMPUTED_VALUE"""),8290.0) -> 8290 | BQ12: =IFERROR(__xludf.DUMMYFUNCTION("""COMPUTED_VALUE"""),2000.0) -> 2000 | BR12: =IFERROR(__xludf.DUMMYFUNCTION("""COMPUTED_VALUE"""),78.0) -> 78 | BS12: =IFERROR(__xludf.DUMMYFUNCTION("""COMPUTED_VALUE"""),"Townhouse") -> Townhouse | BT12: =IFERROR(__xludf.DUMMYFUNCTION("""COMPUTED_VALUE"""),"Z214122") -> Z214122 | BU12: =IFERROR(__xludf.DUMMYFUNCTION("""COMPUTED_VALUE"""),"Alex Johnson - Compass") -> Alex Johnson - Compass | BV12: =IFERROR(__xludf.DUMMYFUNCTION("""COMPUTED_VALUE"""),"Sold") -> Sold | BW12: =IFERROR(__xludf.DUMMYFUNCTION("""COMPUTED_VALUE"""),1.0) -> 1 | BX12: =IFERROR(__xludf.DUMMYFUNCTION("""COMPUTED_VALUE"""),"OK") -> OK | BY12: =IFERROR(__xludf.DUMMYFUNCTION("""COMPUTED_VALUE"""),"2600-3600") -> 2600-3600 | BZ12: =IFERROR(__xludf.DUMMYFUNCTION("""COMPUTED_VALUE"""),26.0) -> 26 | CA12: =IFERROR(__xludf.DUMMYFUNCTION("""COMPUTED_VALUE"""),"Mid") -> Mid
A13: 102028 | B13: 4880 Elm St, Fresno, CA 60495 | C13: Fresno | D13: 60495 | E13: CA | F13: 1 bds | G13: 2 ba | H13: 1824 | I13: 8908 | J13: 1975 | K13: 42 | L13: Townhouse | M13: Z103938 | N13: Jane Smith - Keller Williams | O13: For Sale | P13: =COUNTIF(Analysis!$M$1:$M$3001,Analysis!$M1512) -> 1 | Q13: =IF(COUNTIF(Analysis!$M$2:$M$3001,Analysis!$M1512)>1,"Duplicate","OK") -> OK | R13: =IFS( AND(H13>=600, H13<1600),"600-1600", AND(H13>=1600, H13<2600),"1600-2600", AND(H13>=2600, H13<3600),"2600-3600", H13>=3600,"3600+" ) -> 1600-2600 | S13: =year(TODAY())-J13 -> 51 | T13: =ifs(AND(S13>=0,S13<=10),"New",AND(S13>10,S13<=30),"Mid",AND(S13>30,S13<=60),"Old",S13>60,"Very Old") -> Old | BH13: =IFERROR(__xludf.DUMMYFUNCTION("""COMPUTED_VALUE"""),215904.0) -> 215904 | BI13: =IFERROR(__xludf.DUMMYFUNCTION("""COMPUTED_VALUE"""),"1429 Main St, San Diego, TX 63640") -> 1429 Main St, San Diego, TX 63640 | BJ13: =IFERROR(__xludf.DUMMYFUNCTION("""COMPUTED_VALUE"""),"San Diego") -> San Diego | BK13: =IFERROR(__xludf.DUMMYFUNCTION("""COMPUTED_VALUE"""),63640.0) -> 63640 | BL13: =IFERROR(__xludf.DUMMYFUNCTION("""COMPUTED_VALUE"""),"TX") -> TX | BM13: =IFERROR(__xludf.DUMMYFUNCTION("""COMPUTED_VALUE"""),"6 bds") -> 6 bds | BN13: =IFERROR(__xludf.DUMMYFUNCTION("""COMPUTED_VALUE"""),"4 ba") -> 4 ba | BO13: =IFERROR(__xludf.DUMMYFUNCTION("""COMPUTED_VALUE"""),2701.0) -> 2701 | BP13: =IFERROR(__xludf.DUMMYFUNCTION("""COMPUTED_VALUE"""),9476.0) -> 9476 | BQ13: =IFERROR(__xludf.DUMMYFUNCTION("""COMPUTED_VALUE"""),1995.0) -> 1995 | BR13: =IFERROR(__xludf.DUMMYFUNCTION("""COMPUTED_VALUE"""),47.0) -> 47 | BS13: =IFERROR(__xludf.DUMMYFUNCTION("""COMPUTED_VALUE"""),"Multi-Family") -> Multi-Family | BT13: =IFERROR(__xludf.DUMMYFUNCTION("""COMPUTED_VALUE"""),"Z501809") -> Z501809 | BU13: =IFERROR(__xludf.DUMMYFUNCTION("""COMPUTED_VALUE"""),"Alex Johnson - Compass") -> Alex Johnson - Compass | BV13: =IFERROR(__xludf.DUMMYFUNCTION("""COMPUTED_VALUE"""),"Sold") -> Sold | BW13: =IFERROR(__xludf.DUMMYFUNCTION("""COMPUTED_VALUE"""),1.0) -> 1 | BX13: =IFERROR(__xludf.DUMMYFUNCTION("""COMPUTED_VALUE"""),"OK") -> OK | BY13: =IFERROR(__xludf.DUMMYFUNCTION("""COMPUTED_VALUE"""),"2600-3600") -> 2600-3600 | BZ13: =IFERROR(__xludf.DUMMYFUNCTION("""COMPUTED_VALUE"""),31.0) -> 31 | CA13: =IFERROR(__xludf.DUMMYFUNCTION("""COMPUTED_VALUE"""),"Old") -> Old
A14: 645962 | B14: 9692 Maple Dr, Los Angeles, CA 91395 | C14: Los Angeles | D14: 91395 | E14: CA | F14: 4 bds | G14: 3 ba | H14: 2746 | I14: 8256 | J14: 2008 | K14: 11 | L14: Condo | M14: Z855977 | N14: Emily Davis - Century 21 | O14: Pending | P14: =COUNTIF(Analysis!$M$1:$M$3001,Analysis!$M14) -> 1 | Q14: =IF(COUNTIF(Analysis!$M$2:$M$3001,Analysis!$M14)>1,"Duplicate","OK") -> OK | R14: =IFS( AND(H14>=600, H14<1600),"600-1600", AND(H14>=1600, H14<2600),"1600-2600", AND(H14>=2600, H14<3600),"2600-3600", H14>=3600,"3600+" ) -> 2600-3600 | S14: =year(TODAY())-J14 -> 18 | T14: =ifs(AND(S14>=0,S14<=10),"New",AND(S14>10,S14<=30),"Mid",AND(S14>30,S14<=60),"Old",S14>60,"Very Old") -> Mid | BH14: =IFERROR(__xludf.DUMMYFUNCTION("""COMPUTED_VALUE"""),158429.0) -> 158429 | BI14: =IFERROR(__xludf.DUMMYFUNCTION("""COMPUTED_VALUE"""),"6067 Main St, Fresno, FL 51176") -> 6067 Main St, Fresno, FL 51176 | BJ14: =IFERROR(__xludf.DUMMYFUNCTION("""COMPUTED_VALUE"""),"Fresno") -> Fresno | BK14: =IFERROR(__xludf.DUMMYFUNCTION("""COMPUTED_VALUE"""),51176.0) -> 51176 | BL14: =IFERROR(__xludf.DUMMYFUNCTION("""COMPUTED_VALUE"""),"FL") -> FL | BM14: =IFERROR(__xludf.DUMMYFUNCTION("""COMPUTED_VALUE"""),"3 bds") -> 3 bds | BN14: =IFERROR(__xludf.DUMMYFUNCTION("""COMPUTED_VALUE"""),"3 ba") -> 3 ba | BO14: =IFERROR(__xludf.DUMMYFUNCTION("""COMPUTED_VALUE"""),3000.0) -> 3000 | BP14: =IFERROR(__xludf.DUMMYFUNCTION("""COMPUTED_VALUE"""),3035.0) -> 3035 | BQ14: =IFERROR(__xludf.DUMMYFUNCTION("""COMPUTED_VALUE"""),1950.0) -> 1950 | BR14: =IFERROR(__xludf.DUMMYFUNCTION("""COMPUTED_VALUE"""),84.0) -> 84 | BS14: =IFERROR(__xludf.DUMMYFUNCTION("""COMPUTED_VALUE"""),"Apartment") -> Apartment | BT14: =IFERROR(__xludf.DUMMYFUNCTION("""COMPUTED_VALUE"""),"Z382774") -> Z382774 | BU14: =IFERROR(__xludf.DUMMYFUNCTION("""COMPUTED_VALUE"""),"Alex Johnson - Compass") -> Alex Johnson - Compass | BV14: =IFERROR(__xludf.DUMMYFUNCTION("""COMPUTED_VALUE"""),"Sold") -> Sold | BW14: =IFERROR(__xludf.DUMMYFUNCTION("""COMPUTED_VALUE"""),1.0) -> 1 | BX14: =IFERROR(__xludf.DUMMYFUNCTION("""COMPUTED_VALUE"""),"OK") -> OK | BY14: =IFERROR(__xludf.DUMMYFUNCTION("""COMPUTED_VALUE"""),"2600-3600") -> 2600-3600 | BZ14: =IFERROR(__xludf.DUMMYFUNCTION("""COMPUTED_VALUE"""),76.0) -> 76 | CA14: =IFERROR(__xludf.DUMMYFUNCTION("""COMPUTED_VALUE"""),"Very Old") -> Very Old
A15: 575637 | B15: 905 Oak Ave, Sacramento, NY 28568 | C15: Sacramento | D15: 28568 | E15: NY | F15: 1 bds | G15: 4 ba | H15: 3387 | I15: 1740 | J15: 1966 | K15: 97 | L15: Condo | M15: Z166677 | N15: Jane Smith - Keller Williams | O15: Pending | P15: =COUNTIF(Analysis!$M$1:$M$3001,Analysis!$M15) -> 1 | Q15: =IF(COUNTIF(Analysis!$M$2:$M$3001,Analysis!$M15)>1,"Duplicate","OK") -> OK | R15: =IFS( AND(H15>=600, H15<1600),"600-1600", AND(H15>=1600, H15<2600),"1600-2600", AND(H15>=2600, H15<3600),"2600-3600", H15>=3600,"3600+" ) -> 2600-3600 | S15: =year(TODAY())-J15 -> 60 | T15: =ifs(AND(S15>=0,S15<=10),"New",AND(S15>10,S15<=30),"Mid",AND(S15>30,S15<=60),"Old",S15>60,"Very Old") -> Old | BH15: =IFERROR(__xludf.DUMMYFUNCTION("""COMPUTED_VALUE"""),1001011.0) -> 1001011 | BI15: =IFERROR(__xludf.DUMMYFUNCTION("""COMPUTED_VALUE"""),"1012 Maple Dr, San Diego, IL 69693") -> 1012 Maple Dr, San Diego, IL 69693 | BJ15: =IFERROR(__xludf.DUMMYFUNCTION("""COMPUTED_VALUE"""),"San Diego") -> San Diego | BK15: =IFERROR(__xludf.DUMMYFUNCTION("""COMPUTED_VALUE"""),69693.0) -> 69693 | BL15: =IFERROR(__xludf.DUMMYFUNCTION("""COMPUTED_VALUE"""),"IL") -> IL | BM15: =IFERROR(__xludf.DUMMYFUNCTION("""COMPUTED_VALUE"""),"6 bds") -> 6 bds | BN15: =IFERROR(__xludf.DUMMYFUNCTION("""COMPUTED_VALUE"""),"1 ba") -> 1 ba | BO15: =IFERROR(__xludf.DUMMYFUNCTION("""COMPUTED_VALUE"""),1905.0) -> 1905 | BP15: =IFERROR(__xludf.DUMMYFUNCTION("""COMPUTED_VALUE"""),4957.0) -> 4957 | BQ15: =IFERROR(__xludf.DUMMYFUNCTION("""COMPUTED_VALUE"""),1975.0) -> 1975 | BR15: =IFERROR(__xludf.DUMMYFUNCTION("""COMPUTED_VALUE"""),12.0) -> 12 | BS15: =IFERROR(__xludf.DUMMYFUNCTION("""COMPUTED_VALUE"""),"Apartment") -> Apartment | BT15: =IFERROR(__xludf.DUMMYFUNCTION("""COMPUTED_VALUE"""),"Z570340") -> Z570340 | BU15: =IFERROR(__xludf.DUMMYFUNCTION("""COMPUTED_VALUE"""),"Alex Johnson - Compass") -> Alex Johnson - Compass | BV15: =IFERROR(__xludf.DUMMYFUNCTION("""COMPUTED_VALUE"""),"Sold") -> Sold | BW15: =IFERROR(__xludf.DUMMYFUNCTION("""COMPUTED_VALUE"""),1.0) -> 1 | BX15: =IFERROR(__xludf.DUMMYFUNCTION("""COMPUTED_VALUE"""),"OK") -> OK | BY15: =IFERROR(__xludf.DUMMYFUNCTION("""COMPUTED_VALUE"""),"1600-2600") -> 1600-2600 | BZ15: =IFERROR(__xludf.DUMMYFUNCTION("""COMPUTED_VALUE"""),51.0) -> 51 | CA15: =IFERROR(__xludf.DUMMYFUNCTION("""COMPUTED_VALUE"""),"Old") -> Old
A16: 103682 | B16: 2786 Elm St, Fresno, NY 79620 | C16: Fresno | D16: 79620 | E16: NY | F16: 3 bds | G16: 4 ba | H16: 1451 | I16: 4606 | J16: 2001 | K16: 99 | L16: Single Family | M16: Z931895 | N16: Mike Lee - Coldwell Banker | O16: For Sale | P16: =COUNTIF(Analysis!$M$1:$M$3001,Analysis!$M1592) -> 1 | Q16: =IF(COUNTIF(Analysis!$M$2:$M$3001,Analysis!$M1592)>1,"Duplicate","OK") -> OK | R16: =IFS( AND(H16>=600, H16<1600),"600-1600", AND(H16>=1600, H16<2600),"1600-2600", AND(H16>=2600, H16<3600),"2600-3600", H16>=3600,"3600+" ) -> 600-1600 | S16: =year(TODAY())-J16 -> 25 | T16: =ifs(AND(S16>=0,S16<=10),"New",AND(S16>10,S16<=30),"Mid",AND(S16>30,S16<=60),"Old",S16>60,"Very Old") -> Mid | V16: No. Of Bedrooms | W16: Average Price | Z16: Area | AA16: Average Price | AD16: Property Type | AE16: Average Days on Market | BH16: =IFERROR(__xludf.DUMMYFUNCTION("""COMPUTED_VALUE"""),633891.0) -> 633891 | BI16: =IFERROR(__xludf.DUMMYFUNCTION("""COMPUTED_VALUE"""),"5092 Pine Rd, San Francisco, NY 21343") -> 5092 Pine Rd, San Francisco, NY 21343 | BJ16: =IFERROR(__xludf.DUMMYFUNCTION("""COMPUTED_VALUE"""),"San Francisco") -> San Francisco | BK16: =IFERROR(__xludf.DUMMYFUNCTION("""COMPUTED_VALUE"""),21343.0) -> 21343 | BL16: =IFERROR(__xludf.DUMMYFUNCTION("""COMPUTED_VALUE"""),"NY") -> NY | BM16: =IFERROR(__xludf.DUMMYFUNCTION("""COMPUTED_VALUE"""),"4 bds") -> 4 bds | BN16: =IFERROR(__xludf.DUMMYFUNCTION("""COMPUTED_VALUE"""),"4 ba") -> 4 ba | BO16: =IFERROR(__xludf.DUMMYFUNCTION("""COMPUTED_VALUE"""),3481.0) -> 3481 | BP16: =IFERROR(__xludf.DUMMYFUNCTION("""COMPUTED_VALUE"""),8346.0) -> 8346 | BQ16: =IFERROR(__xludf.DUMMYFUNCTION("""COMPUTED_VALUE"""),1967.0) -> 1967 | BR16: =IFERROR(__xludf.DUMMYFUNCTION("""COMPUTED_VALUE"""),14.0) -> 14 | BS16: =IFERROR(__xludf.DUMMYFUNCTION("""COMPUTED_VALUE"""),"Townhouse") -> Townhouse | BT16: =IFERROR(__xludf.DUMMYFUNCTION("""COMPUTED_VALUE"""),"Z177113") -> Z177113 | BU16: =IFERROR(__xludf.DUMMYFUNCTION("""COMPUTED_VALUE"""),"Alex Johnson - Compass") -> Alex Johnson - Compass | BV16: =IFERROR(__xludf.DUMMYFUNCTION("""COMPUTED_VALUE"""),"Sold") -> Sold | BW16: =IFERROR(__xludf.DUMMYFUNCTION("""COMPUTED_VALUE"""),1.0) -> 1 | BX16: =IFERROR(__xludf.DUMMYFUNCTION("""COMPUTED_VALUE"""),"OK") -> OK | BY16: =IFERROR(__xludf.DUMMYFUNCTION("""COMPUTED_VALUE"""),"2600-3600") -> 2600-3600 | BZ16: =IFERROR(__xludf.DUMMYFUNCTION("""COMPUTED_VALUE"""),59.0) -> 59 | CA16: =IFERROR(__xludf.DUMMYFUNCTION("""COMPUTED_VALUE"""),"Old") -> Old
A17: 1171629 | B17: 2475 Elm St, Sacramento, TX 63853 | C17: Sacramento | D17: 63853 | E17: TX | F17: 2 bds | G17: 4 ba | H17: 2351 | I17: 2275 | J17: 2007 | K17: 46 | L17: Condo | M17: Z325594 | N17: Alex Johnson - Compass | O17: For Sale | P17: =COUNTIF(Analysis!$M$1:$M$3001,Analysis!$M17) -> 1 | Q17: =IF(COUNTIF(Analysis!$M$2:$M$3001,Analysis!$M17)>1,"Duplicate","OK") -> OK | R17: =IFS( AND(H17>=600, H17<1600),"600-1600", AND(H17>=1600, H17<2600),"1600-2600", AND(H17>=2600, H17<3600),"2600-3600", H17>=3600,"3600+" ) -> 1600-2600 | S17: =year(TODAY())-J17 -> 19 | T17: =ifs(AND(S17>=0,S17<=10),"New",AND(S17>10,S17<=30),"Mid",AND(S17>30,S17<=60),"Old",S17>60,"Very Old") -> Mid | V17: 1 bds | W17: =AVERAGEIF(Listings[Bedrooms],V17,Listings[Price]) -> 829034.17 | Z17: 600-1600 | AA17: =AVERAGEIF(Listings[Area Category],Z17,Listings[Price]) -> 822055.82 | AD17: Townhouse | AE17: =IFERROR(__xludf.DUMMYFUNCTION("MODE(FILTER(Listings[Days on Market],Listings[Property Type]=AD17))"),83.0) -> 83 | BH17: =IFERROR(__xludf.DUMMYFUNCTION("""COMPUTED_VALUE"""),414153.0) -> 414153 | BI17: =IFERROR(__xludf.DUMMYFUNCTION("""COMPUTED_VALUE"""),"2336 Oak Ave, San Diego, FL 64992") -> 2336 Oak Ave, San Diego, FL 64992 | BJ17: =IFERROR(__xludf.DUMMYFUNCTION("""COMPUTED_VALUE"""),"San Diego") -> San Diego | BK17: =IFERROR(__xludf.DUMMYFUNCTION("""COMPUTED_VALUE"""),64992.0) -> 64992 | BL17: =IFERROR(__xludf.DUMMYFUNCTION("""COMPUTED_VALUE"""),"FL") -> FL | BM17: =IFERROR(__xludf.DUMMYFUNCTION("""COMPUTED_VALUE"""),"1 bds") -> 1 bds | BN17: =IFERROR(__xludf.DUMMYFUNCTION("""COMPUTED_VALUE"""),"4 ba") -> 4 ba | BO17: =IFERROR(__xludf.DUMMYFUNCTION("""COMPUTED_VALUE"""),1065.0) -> 1065 | BP17: =IFERROR(__xludf.DUMMYFUNCTION("""COMPUTED_VALUE"""),3682.0) -> 3682 | BQ17: =IFERROR(__xludf.DUMMYFUNCTION("""COMPUTED_VALUE"""),1956.0) -> 1956 | BR17: =IFERROR(__xludf.DUMMYFUNCTION("""COMPUTED_VALUE"""),113.0) -> 113 | BS17: =IFERROR(__xludf.DUMMYFUNCTION("""COMPUTED_VALUE"""),"Condo") -> Condo | BT17: =IFERROR(__xludf.DUMMYFUNCTION("""COMPUTED_VALUE"""),"Z384719") -> Z384719 | BU17: =IFERROR(__xludf.DUMMYFUNCTION("""COMPUTED_VALUE"""),"Alex Johnson - Compass") -> Alex Johnson - Compass | BV17: =IFERROR(__xludf.DUMMYFUNCTION("""COMPUTED_VALUE"""),"Sold") -> Sold | BW17: =IFERROR(__xludf.DUMMYFUNCTION("""COMPUTED_VALUE"""),1.0) -> 1 | BX17: =IFERROR(__xludf.DUMMYFUNCTION("""COMPUTED_VALUE"""),"OK") -> OK | BY17: =IFERROR(__xludf.DUMMYFUNCTION("""COMPUTED_VALUE"""),"600-1600") -> 600-1600 | BZ17: =IFERROR(__xludf.DUMMYFUNCTION("""COMPUTED_VALUE"""),70.0) -> 70 | CA17: =IFERROR(__xludf.DUMMYFUNCTION("""COMPUTED_VALUE"""),"Very Old") -> Very Old
A18: 698570 | B18: 5887 Oak Ave, Sacramento, CA 57513 | C18: Sacramento | D18: 57513 | E18: CA | F18: 3 bds | G18: 2 ba | H18: 722 | I18: 6443 | J18: 1953 | K18: 72 | L18: Apartment | M18: Z502987 | N18: Mike Lee - Coldwell Banker | O18: Sold | P18: =COUNTIF(Analysis!$M$1:$M$3001,Analysis!$M18) -> 1 | Q18: =IF(COUNTIF(Analysis!$M$2:$M$3001,Analysis!$M18)>1,"Duplicate","OK") -> OK | R18: =IFS( AND(H18>=600, H18<1600),"600-1600", AND(H18>=1600, H18<2600),"1600-2600", AND(H18>=2600, H18<3600),"2600-3600", H18>=3600,"3600+" ) -> 600-1600 | S18: =year(TODAY())-J18 -> 73 | T18: =ifs(AND(S18>=0,S18<=10),"New",AND(S18>10,S18<=30),"Mid",AND(S18>30,S18<=60),"Old",S18>60,"Very Old") -> Very Old | V18: 2 bds | W18: =AVERAGEIF(Listings[Bedrooms],V18,Listings[Price]) -> 841859.25 | Z18: 1600-2600 | AA18: =AVERAGEIF(Listings[Area Category],Z18,Listings[Price]) -> 831171.12 | AD18: Apartment | AE18: =IFERROR(__xludf.DUMMYFUNCTION("MODE(FILTER(Listings[Days on Market],Listings[Property Type]=AD18))"),120.0) -> 120 | BH18: =IFERROR(__xludf.DUMMYFUNCTION("""COMPUTED_VALUE"""),214127.0) -> 214127 | BI18: =IFERROR(__xludf.DUMMYFUNCTION("""COMPUTED_VALUE"""),"5310 Pine Rd, Fresno, FL 92602") -> 5310 Pine Rd, Fresno, FL 92602 | BJ18: =IFERROR(__xludf.DUMMYFUNCTION("""COMPUTED_VALUE"""),"Fresno") -> Fresno | BK18: =IFERROR(__xludf.DUMMYFUNCTION("""COMPUTED_VALUE"""),92602.0) -> 92602 | BL18: =IFERROR(__xludf.DUMMYFUNCTION("""COMPUTED_VALUE"""),"FL") -> FL | BM18: =IFERROR(__xludf.DUMMYFUNCTION("""COMPUTED_VALUE"""),"6 bds") -> 6 bds | BN18: =IFERROR(__xludf.DUMMYFUNCTION("""COMPUTED_VALUE"""),"4 ba") -> 4 ba | BO18: =IFERROR(__xludf.DUMMYFUNCTION("""COMPUTED_VALUE"""),2762.0) -> 2762 | BP18: =IFERROR(__xludf.DUMMYFUNCTION("""COMPUTED_VALUE"""),4177.0) -> 4177 | BQ18: =IFERROR(__xludf.DUMMYFUNCTION("""COMPUTED_VALUE"""),1952.0) -> 1952 | BR18: =IFERROR(__xludf.DUMMYFUNCTION("""COMPUTED_VALUE"""),69.0) -> 69 | BS18: =IFERROR(__xludf.DUMMYFUNCTION("""COMPUTED_VALUE"""),"Multi-Family") -> Multi-Family | BT18: =IFERROR(__xludf.DUMMYFUNCTION("""COMPUTED_VALUE"""),"Z923573") -> Z923573 | BU18: =IFERROR(__xludf.DUMMYFUNCTION("""COMPUTED_VALUE"""),"Alex Johnson - Compass") -> Alex Johnson - Compass | BV18: =IFERROR(__xludf.DUMMYFUNCTION("""COMPUTED_VALUE"""),"Sold") -> Sold | BW18: =IFERROR(__xludf.DUMMYFUNCTION("""COMPUTED_VALUE"""),1.0) -> 1 | BX18: =IFERROR(__xludf.DUMMYFUNCTION("""COMPUTED_VALUE"""),"OK") -> OK | BY18: =IFERROR(__xludf.DUMMYFUNCTION("""COMPUTED_VALUE"""),"2600-3600") -> 2600-3600 | BZ18: =IFERROR(__xludf.DUMMYFUNCTION("""COMPUTED_VALUE"""),74.0) -> 74 | CA18: =IFERROR(__xludf.DUMMYFUNCTION("""COMPUTED_VALUE"""),"Very Old") -> Very Old
A19: 534688 | B19: 3934 Elm St, San Francisco, TX 17359 | C19: San Francisco | D19: 17359 | E19: TX | F19: 3 bds | G19: 1 ba | H19: 2356 | I19: 3883 | J19: 1958 | K19: 114 | L19: Townhouse | M19: Z726231 | N19: John Doe - RE/MAX | O19: Pending | P19: =COUNTIF(Analysis!$M$1:$M$3001,Analysis!$M19) -> 1 | Q19: =IF(COUNTIF(Analysis!$M$2:$M$3001,Analysis!$M19)>1,"Duplicate","OK") -> OK | R19: =IFS( AND(H19>=600, H19<1600),"600-1600", AND(H19>=1600, H19<2600),"1600-2600", AND(H19>=2600, H19<3600),"2600-3600", H19>=3600,"3600+" ) -> 1600-2600 | S19: =year(TODAY())-J19 -> 68 | T19: =ifs(AND(S19>=0,S19<=10),"New",AND(S19>10,S19<=30),"Mid",AND(S19>30,S19<=60),"Old",S19>60,"Very Old") -> Very Old | V19: 3 bds | W19: =AVERAGEIF(Listings[Bedrooms],V19,Listings[Price]) -> 762070.09 | Z19: 2600-3600 | AA19: =AVERAGEIF(Listings[Area Category],Z19,Listings[Price]) -> 782539.76 | AD19: Single Family | AE19: =IFERROR(__xludf.DUMMYFUNCTION("MODE(FILTER(Listings[Days on Market],Listings[Property Type]=AD19))"),118.0) -> 118 | BH19: =IFERROR(__xludf.DUMMYFUNCTION("""COMPUTED_VALUE"""),925438.0) -> 925438 | BI19: =IFERROR(__xludf.DUMMYFUNCTION("""COMPUTED_VALUE"""),"6372 Oak Ave, Sacramento, CA 45299") -> 6372 Oak Ave, Sacramento, CA 45299 | BJ19: =IFERROR(__xludf.DUMMYFUNCTION("""COMPUTED_VALUE"""),"Sacramento") -> Sacramento | BK19: =IFERROR(__xludf.DUMMYFUNCTION("""COMPUTED_VALUE"""),45299.0) -> 45299 | BL19: =IFERROR(__xludf.DUMMYFUNCTION("""COMPUTED_VALUE"""),"CA") -> CA | BM19: =IFERROR(__xludf.DUMMYFUNCTION("""COMPUTED_VALUE"""),"2 bds") -> 2 bds | BN19: =IFERROR(__xludf.DUMMYFUNCTION("""COMPUTED_VALUE"""),"3 ba") -> 3 ba | BO19: =IFERROR(__xludf.DUMMYFUNCTION("""COMPUTED_VALUE"""),2307.0) -> 2307 | BP19: =IFERROR(__xludf.DUMMYFUNCTION("""COMPUTED_VALUE"""),7339.0) -> 7339 | BQ19: =IFERROR(__xludf.DUMMYFUNCTION("""COMPUTED_VALUE"""),2019.0) -> 2019 | BR19: =IFERROR(__xludf.DUMMYFUNCTION("""COMPUTED_VALUE"""),37.0) -> 37 | BS19: =IFERROR(__xludf.DUMMYFUNCTION("""COMPUTED_VALUE"""),"Apartment") -> Apartment | BT19: =IFERROR(__xludf.DUMMYFUNCTION("""COMPUTED_VALUE"""),"Z965755") -> Z965755 | BU19: =IFERROR(__xludf.DUMMYFUNCTION("""COMPUTED_VALUE"""),"Alex Johnson - Compass") -> Alex Johnson - Compass | BV19: =IFERROR(__xludf.DUMMYFUNCTION("""COMPUTED_VALUE"""),"Sold") -> Sold | BW19: =IFERROR(__xludf.DUMMYFUNCTION("""COMPUTED_VALUE"""),1.0) -> 1 | BX19: =IFERROR(__xludf.DUMMYFUNCTION("""COMPUTED_VALUE"""),"OK") -> OK | BY19: =IFERROR(__xludf.DUMMYFUNCTION("""COMPUTED_VALUE"""),"1600-2600") -> 1600-2600 | BZ19: =IFERROR(__xludf.DUMMYFUNCTION("""COMPUTED_VALUE"""),7.0) -> 7 | CA19: =IFERROR(__xludf.DUMMYFUNCTION("""COMPUTED_VALUE"""),"New") -> New
A20: 1108288 | B20: 3087 Maple Dr, Los Angeles, NY 11690 | C20: Los Angeles | D20: 11690 | E20: NY | F20: 6 bds | G20: 3 ba | H20: 1156 | I20: 1218 | J20: 1958 | K20: 28 | L20: Condo | M20: Z302684 | N20: Emily Davis - Century 21 | O20: Sold | P20: =COUNTIF(Analysis!$M$1:$M$3001,Analysis!$M20) -> 1 | Q20: =IF(COUNTIF(Analysis!$M$2:$M$3001,Analysis!$M20)>1,"Duplicate","OK") -> OK | R20: =IFS( AND(H20>=600, H20<1600),"600-1600", AND(H20>=1600, H20<2600),"1600-2600", AND(H20>=2600, H20<3600),"2600-3600", H20>=3600,"3600+" ) -> 600-1600 | S20: =year(TODAY())-J20 -> 68 | T20: =ifs(AND(S20>=0,S20<=10),"New",AND(S20>10,S20<=30),"Mid",AND(S20>30,S20<=60),"Old",S20>60,"Very Old") -> Very Old | V20: 4 bds | W20: =AVERAGEIF(Listings[Bedrooms],V20,Listings[Price]) -> 829111.84 | Z20: 3600+ | AA20: =AVERAGEIF(Listings[Area Category],Z20,Listings[Price]) -> 800382.54 | AD20: Multi-Family | AE20: =IFERROR(__xludf.DUMMYFUNCTION("MODE(FILTER(Listings[Days on Market],Listings[Property Type]=AD20))"),38.0) -> 38 | BH20: =IFERROR(__xludf.DUMMYFUNCTION("""COMPUTED_VALUE"""),913878.0) -> 913878 | BI20: =IFERROR(__xludf.DUMMYFUNCTION("""COMPUTED_VALUE"""),"1656 Oak Ave, Sacramento, FL 29610") -> 1656 Oak Ave, Sacramento, FL 29610 | BJ20: =IFERROR(__xludf.DUMMYFUNCTION("""COMPUTED_VALUE"""),"Sacramento") -> Sacramento | BK20: =IFERROR(__xludf.DUMMYFUNCTION("""COMPUTED_VALUE"""),29610.0) -> 29610 | BL20: =IFERROR(__xludf.DUMMYFUNCTION("""COMPUTED_VALUE"""),"FL") -> FL | BM20: =IFERROR(__xludf.DUMMYFUNCTION("""COMPUTED_VALUE"""),"2 bds") -> 2 bds | BN20: =IFERROR(__xludf.DUMMYFUNCTION("""COMPUTED_VALUE"""),"1 ba") -> 1 ba | BO20: =IFERROR(__xludf.DUMMYFUNCTION("""COMPUTED_VALUE"""),3288.0) -> 3288 | BP20: =IFERROR(__xludf.DUMMYFUNCTION("""COMPUTED_VALUE"""),1472.0) -> 1472 | BQ20: =IFERROR(__xludf.DUMMYFUNCTION("""COMPUTED_VALUE"""),1984.0) -> 1984 | BR20: =IFERROR(__xludf.DUMMYFUNCTION("""COMPUTED_VALUE"""),38.0) -> 38 | BS20: =IFERROR(__xludf.DUMMYFUNCTION("""COMPUTED_VALUE"""),"Multi-Family") -> Multi-Family | BT20: =IFERROR(__xludf.DUMMYFUNCTION("""COMPUTED_VALUE"""),"Z856614") -> Z856614 | BU20: =IFERROR(__xludf.DUMMYFUNCTION("""COMPUTED_VALUE"""),"Alex Johnson - Compass") -> Alex Johnson - Compass | BV20: =IFERROR(__xludf.DUMMYFUNCTION("""COMPUTED_VALUE"""),"Sold") -> Sold | BW20: =IFERROR(__xludf.DUMMYFUNCTION("""COMPUTED_VALUE"""),1.0) -> 1 | BX20: =IFERROR(__xludf.DUMMYFUNCTION("""COMPUTED_VALUE"""),"OK") -> OK | BY20: =IFERROR(__xludf.DUMMYFUNCTION("""COMPUTED_VALUE"""),"2600-3600") -> 2600-3600 | BZ20: =IFERROR(__xludf.DUMMYFUNCTION("""COMPUTED_VALUE"""),42.0) -> 42 | CA20: =IFERROR(__xludf.DUMMYFUNCTION("""COMPUTED_VALUE"""),"Old") -> Old
A21: 1173697 | B21: 4360 Maple Dr, Los Angeles, TX 97442 | C21: Los Angeles | D21: 97442 | E21: TX | F21: 2 bds | G21: 4 ba | H21: 1554 | I21: 9408 | J21: 1982 | K21: 1 | L21: Multi-Family | M21: Z879412 | N21: Mike Lee - Coldwell Banker | O21: Pending | P21: =COUNTIF(Analysis!$M$1:$M$3001,Analysis!$M21) -> 1 | Q21: =IF(COUNTIF(Analysis!$M$2:$M$3001,Analysis!$M21)>1,"Duplicate","OK") -> OK | R21: =IFS( AND(H21>=600, H21<1600),"600-1600", AND(H21>=1600, H21<2600),"1600-2600", AND(H21>=2600, H21<3600),"2600-3600", H21>=3600,"3600+" ) -> 600-1600 | S21: =year(TODAY())-J21 -> 44 | T21: =ifs(AND(S21>=0,S21<=10),"New",AND(S21>10,S21<=30),"Mid",AND(S21>30,S21<=60),"Old",S21>60,"Very Old") -> Old | V21: 5 bds | W21: =AVERAGEIF(Listings[Bedrooms],V21,Listings[Price]) -> 792353.99 | AD21: Condo | AE21: =IFERROR(__xludf.DUMMYFUNCTION("MODE(FILTER(Listings[Days on Market],Listings[Property Type]=AD21))"),18.0) -> 18 | BH21: =IFERROR(__xludf.DUMMYFUNCTION("""COMPUTED_VALUE"""),672952.0) -> 672952 | BI21: =IFERROR(__xludf.DUMMYFUNCTION("""COMPUTED_VALUE"""),"7575 Elm St, San Diego, NY 48097") -> 7575 Elm St, San Diego, NY 48097 | BJ21: =IFERROR(__xludf.DUMMYFUNCTION("""COMPUTED_VALUE"""),"San Diego") -> San Diego | BK21: =IFERROR(__xludf.DUMMYFUNCTION("""COMPUTED_VALUE"""),48097.0) -> 48097 | BL21: =IFERROR(__xludf.DUMMYFUNCTION("""COMPUTED_VALUE"""),"NY") -> NY | BM21: =IFERROR(__xludf.DUMMYFUNCTION("""COMPUTED_VALUE"""),"3 bds") -> 3 bds | BN21: =IFERROR(__xludf.DUMMYFUNCTION("""COMPUTED_VALUE"""),"4 ba") -> 4 ba | BO21: =IFERROR(__xludf.DUMMYFUNCTION("""COMPUTED_VALUE"""),1166.0) -> 1166 | BP21: =IFERROR(__xludf.DUMMYFUNCTION("""COMPUTED_VALUE"""),6068.0) -> 6068 | BQ21: =IFERROR(__xludf.DUMMYFUNCTION("""COMPUTED_VALUE"""),2002.0) -> 2002 | BR21: =IFERROR(__xludf.DUMMYFUNCTION("""COMPUTED_VALUE"""),34.0) -> 34 | BS21: =IFERROR(__xludf.DUMMYFUNCTION("""COMPUTED_VALUE"""),"Single Family") -> Single Family | BT21: =IFERROR(__xludf.DUMMYFUNCTION("""COMPUTED_VALUE"""),"Z119872") -> Z119872 | BU21: =IFERROR(__xludf.DUMMYFUNCTION("""COMPUTED_VALUE"""),"Alex Johnson - Compass") -> Alex Johnson - Compass | BV21: =IFERROR(__xludf.DUMMYFUNCTION("""COMPUTED_VALUE"""),"Sold") -> Sold | BW21: =IFERROR(__xludf.DUMMYFUNCTION("""COMPUTED_VALUE"""),1.0) -> 1 | BX21: =IFERROR(__xludf.DUMMYFUNCTION("""COMPUTED_VALUE"""),"OK") -> OK | BY21: =IFERROR(__xludf.DUMMYFUNCTION("""COMPUTED_VALUE"""),"600-1600") -> 600-1600 | BZ21: =IFERROR(__xludf.DUMMYFUNCTION("""COMPUTED_VALUE"""),24.0) -> 24 | CA21: =IFERROR(__xludf.DUMMYFUNCTION("""COMPUTED_VALUE"""),"Mid") -> Mid
A22: 980716 | B22: 8332 Oak Ave, Los Angeles, IL 12888 | C22: Los Angeles | D22: 12888 | E22: IL | F22: 2 bds | G22: 2 ba | H22: 982 | I22: 7527 | J22: 1983 | K22: 58 | L22: Multi-Family | M22: Z433130 | N22: Jane Smith - Keller Williams | O22: Sold | P22: =COUNTIF(Analysis!$M$1:$M$3001,Analysis!$M22) -> 1 | Q22: =IF(COUNTIF(Analysis!$M$2:$M$3001,Analysis!$M22)>1,"Duplicate","OK") -> OK | R22: =IFS( AND(H22>=600, H22<1600),"600-1600", AND(H22>=1600, H22<2600),"1600-2600", AND(H22>=2600, H22<3600),"2600-3600", H22>=3600,"3600+" ) -> 600-1600 | S22: =year(TODAY())-J22 -> 43 | T22: =ifs(AND(S22>=0,S22<=10),"New",AND(S22>10,S22<=30),"Mid",AND(S22>30,S22<=60),"Old",S22>60,"Very Old") -> Old | V22: 6 bds | W22: =AVERAGEIF(Listings[Bedrooms],V22,Listings[Price]) -> 810241.61 | BH22: =IFERROR(__xludf.DUMMYFUNCTION("""COMPUTED_VALUE"""),144964.0) -> 144964 | BI22: =IFERROR(__xludf.DUMMYFUNCTION("""COMPUTED_VALUE"""),"6550 Main St, Sacramento, IL 81788") -> 6550 Main St, Sacramento, IL 81788 | BJ22: =IFERROR(__xludf.DUMMYFUNCTION("""COMPUTED_VALUE"""),"Sacramento") -> Sacramento | BK22: =IFERROR(__xludf.DUMMYFUNCTION("""COMPUTED_VALUE"""),81788.0) -> 81788 | BL22: =IFERROR(__xludf.DUMMYFUNCTION("""COMPUTED_VALUE"""),"IL") -> IL | BM22: =IFERROR(__xludf.DUMMYFUNCTION("""COMPUTED_VALUE"""),"5 bds") -> 5 bds | BN22: =IFERROR(__xludf.DUMMYFUNCTION("""COMPUTED_VALUE"""),"3 ba") -> 3 ba | BO22: =IFERROR(__xludf.DUMMYFUNCTION("""COMPUTED_VALUE"""),1141.0) -> 1141 | BP22: =IFERROR(__xludf.DUMMYFUNCTION("""COMPUTED_VALUE"""),8933.0) -> 8933 | BQ22: =IFERROR(__xludf.DUMMYFUNCTION("""COMPUTED_VALUE"""),1994.0) -> 1994 | BR22: =IFERROR(__xludf.DUMMYFUNCTION("""COMPUTED_VALUE"""),62.0) -> 62 | BS22: =IFERROR(__xludf.DUMMYFUNCTION("""COMPUTED_VALUE"""),"Apartment") -> Apartment | BT22: =IFERROR(__xludf.DUMMYFUNCTION("""COMPUTED_VALUE"""),"Z515391") -> Z515391 | BU22: =IFERROR(__xludf.DUMMYFUNCTION("""COMPUTED_VALUE"""),"Alex Johnson - Compass") -> Alex Johnson - Compass | BV22: =IFERROR(__xludf.DUMMYFUNCTION("""COMPUTED_VALUE"""),"Sold") -> Sold | BW22: =IFERROR(__xludf.DUMMYFUNCTION("""COMPUTED_VALUE"""),1.0) -> 1 | BX22: =IFERROR(__xludf.DUMMYFUNCTION("""COMPUTED_VALUE"""),"OK") -> OK | BY22: =IFERROR(__xludf.DUMMYFUNCTION("""COMPUTED_VALUE"""),"600-1600") -> 600-1600 | BZ22: =IFERROR(__xludf.DUMMYFUNCTION("""COMPUTED_VALUE"""),32.0) -> 32 | CA22: =IFERROR(__xludf.DUMMYFUNCTION("""COMPUTED_VALUE"""),"Old") -> Old
A23: 527238 | B23: 4702 Pine Rd, Los Angeles, NY 63443 | C23: Los Angeles | D23: 63443 | E23: NY | F23: 4 bds | G23: 4 ba | H23: 3164 | I23: 9694 | J23: 1955 | K23: 33 | L23: Condo | M23: Z835234 | N23: Jane Smith - Keller Williams | O23: Pending | P23: =COUNTIF(Analysis!$M$1:$M$3001,Analysis!$M23) -> 1 | Q23: =IF(COUNTIF(Analysis!$M$2:$M$3001,Analysis!$M23)>1,"Duplicate","OK") -> OK | R23: =IFS( AND(H23>=600, H23<1600),"600-1600", AND(H23>=1600, H23<2600),"1600-2600", AND(H23>=2600, H23<3600),"2600-3600", H23>=3600,"3600+" ) -> 2600-3600 | S23: =year(TODAY())-J23 -> 71 | T23: =ifs(AND(S23>=0,S23<=10),"New",AND(S23>10,S23<=30),"Mid",AND(S23>30,S23<=60),"Old",S23>60,"Very Old") -> Very Old | BH23: =IFERROR(__xludf.DUMMYFUNCTION("""COMPUTED_VALUE"""),159682.0) -> 159682 | BI23: =IFERROR(__xludf.DUMMYFUNCTION("""COMPUTED_VALUE"""),"5514 Main St, Sacramento, CA 63062") -> 5514 Main St, Sacramento, CA 63062 | BJ23: =IFERROR(__xludf.DUMMYFUNCTION("""COMPUTED_VALUE"""),"Sacramento") -> Sacramento | BK23: =IFERROR(__xludf.DUMMYFUNCTION("""COMPUTED_VALUE"""),63062.0) -> 63062 | BL23: =IFERROR(__xludf.DUMMYFUNCTION("""COMPUTED_VALUE"""),"CA") -> CA | BM23: =IFERROR(__xludf.DUMMYFUNCTION("""COMPUTED_VALUE"""),"3 bds") -> 3 bds | BN23: =IFERROR(__xludf.DUMMYFUNCTION("""COMPUTED_VALUE"""),"1 ba") -> 1 ba | BO23: =IFERROR(__xludf.DUMMYFUNCTION("""COMPUTED_VALUE"""),3421.0) -> 3421 | BP23: =IFERROR(__xludf.DUMMYFUNCTION("""COMPUTED_VALUE"""),2996.0) -> 2996 | BQ23: =IFERROR(__xludf.DUMMYFUNCTION("""COMPUTED_VALUE"""),1992.0) -> 1992 | BR23: =IFERROR(__xludf.DUMMYFUNCTION("""COMPUTED_VALUE"""),39.0) -> 39 | BS23: =IFERROR(__xludf.DUMMYFUNCTION("""COMPUTED_VALUE"""),"Multi-Family") -> Multi-Family | BT23: =IFERROR(__xludf.DUMMYFUNCTION("""COMPUTED_VALUE"""),"Z762393") -> Z762393 | BU23: =IFERROR(__xludf.DUMMYFUNCTION("""COMPUTED_VALUE"""),"Alex Johnson - Compass") -> Alex Johnson - Compass | BV23: =IFERROR(__xludf.DUMMYFUNCTION("""COMPUTED_VALUE"""),"Sold") -> Sold | BW23: =IFERROR(__xludf.DUMMYFUNCTION("""COMPUTED_VALUE"""),1.0) -> 1 | BX23: =IFERROR(__xludf.DUMMYFUNCTION("""COMPUTED_VALUE"""),"OK") -> OK | BY23: =IFERROR(__xludf.DUMMYFUNCTION("""COMPUTED_VALUE"""),"2600-3600") -> 2600-3600 | BZ23: =IFERROR(__xludf.DUMMYFUNCTION("""COMPUTED_VALUE"""),34.0) -> 34 | CA23: =IFERROR(__xludf.DUMMYFUNCTION("""COMPUTED_VALUE"""),"Old") -> Old
A24: 104351 | B24: 289 Elm St, Fresno, FL 37362 | C24: Fresno | D24: 37362 | E24: FL | F24: 5 bds | G24: 4 ba | H24: 3663 | I24: 8122 | J24: 1989 | K24: 68 | L24: Apartment | M24: Z828424 | N24: John Doe - RE/MAX | O24: Pending | P24: =COUNTIF(Analysis!$M$1:$M$3001,Analysis!$M2499) -> 1 | Q24: =IF(COUNTIF(Analysis!$M$2:$M$3001,Analysis!$M2499)>1,"Duplicate","OK") -> OK | R24: =IFS( AND(H24>=600, H24<1600),"600-1600", AND(H24>=1600, H24<2600),"1600-2600", AND(H24>=2600, H24<3600),"2600-3600", H24>=3600,"3600+" ) -> 3600+ | S24: =year(TODAY())-J24 -> 37 | T24: =ifs(AND(S24>=0,S24<=10),"New",AND(S24>10,S24<=30),"Mid",AND(S24>30,S24<=60),"Old",S24>60,"Very Old") -> Old | BH24: =IFERROR(__xludf.DUMMYFUNCTION("""COMPUTED_VALUE"""),830918.0) -> 830918 | BI24: =IFERROR(__xludf.DUMMYFUNCTION("""COMPUTED_VALUE"""),"3517 Main St, Los Angeles, NY 68268") -> 3517 Main St, Los Angeles, NY 68268 | BJ24: =IFERROR(__xludf.DUMMYFUNCTION("""COMPUTED_VALUE"""),"Los Angeles") -> Los Angeles | BK24: =IFERROR(__xludf.DUMMYFUNCTION("""COMPUTED_VALUE"""),68268.0) -> 68268 | BL24: =IFERROR(__xludf.DUMMYFUNCTION("""COMPUTED_VALUE"""),"NY") -> NY | BM24: =IFERROR(__xludf.DUMMYFUNCTION("""COMPUTED_VALUE"""),"3 bds") -> 3 bds | BN24: =IFERROR(__xludf.DUMMYFUNCTION("""COMPUTED_VALUE"""),"3 ba") -> 3 ba | BO24: =IFERROR(__xludf.DUMMYFUNCTION("""COMPUTED_VALUE"""),1392.0) -> 1392 | BP24: =IFERROR(__xludf.DUMMYFUNCTION("""COMPUTED_VALUE"""),3648.0) -> 3648 | BQ24: =IFERROR(__xludf.DUMMYFUNCTION("""COMPUTED_VALUE"""),1997.0) -> 1997 | BR24: =IFERROR(__xludf.DUMMYFUNCTION("""COMPUTED_VALUE"""),68.0) -> 68 | BS24: =IFERROR(__xludf.DUMMYFUNCTION("""COMPUTED_VALUE"""),"Townhouse") -> Townhouse | BT24: =IFERROR(__xludf.DUMMYFUNCTION("""COMPUTED_VALUE"""),"Z684839") -> Z684839 | BU24: =IFERROR(__xludf.DUMMYFUNCTION("""COMPUTED_VALUE"""),"Alex Johnson - Compass") -> Alex Johnson - Compass | BV24: =IFERROR(__xludf.DUMMYFUNCTION("""COMPUTED_VALUE"""),"Sold") -> Sold | BW24: =IFERROR(__xludf.DUMMYFUNCTION("""COMPUTED_VALUE"""),1.0) -> 1 | BX24: =IFERROR(__xludf.DUMMYFUNCTION("""COMPUTED_VALUE"""),"OK") -> OK | BY24: =IFERROR(__xludf.DUMMYFUNCTION("""COMPUTED_VALUE"""),"600-1600") -> 600-1600 | BZ24: =IFERROR(__xludf.DUMMYFUNCTION("""COMPUTED_VALUE"""),29.0) -> 29 | CA24: =IFERROR(__xludf.DUMMYFUNCTION("""COMPUTED_VALUE"""),"Mid") -> Mid
A25: 1381949 | B25: 9953 Maple Dr, San Francisco, TX 33081 | C25: San Francisco | D25: 33081 | E25: TX | F25: 4 bds | G25: 4 ba | H25: 2966 | I25: 2421 | J25: 1997 | K25: 38 | L25: Single Family | M25: Z166756 | N25: Emily Davis - Century 21 | O25: Sold | P25: =COUNTIF(Analysis!$M$1:$M$3001,Analysis!$M25) -> 1 | Q25: =IF(COUNTIF(Analysis!$M$2:$M$3001,Analysis!$M25)>1,"Duplicate","OK") -> OK | R25: =IFS( AND(H25>=600, H25<1600),"600-1600", AND(H25>=1600, H25<2600),"1600-2600", AND(H25>=2600, H25<3600),"2600-3600", H25>=3600,"3600+" ) -> 2600-3600 | S25: =year(TODAY())-J25 -> 29 | T25: =ifs(AND(S25>=0,S25<=10),"New",AND(S25>10,S25<=30),"Mid",AND(S25>30,S25<=60),"Old",S25>60,"Very Old") -> Mid | BH25: =IFERROR(__xludf.DUMMYFUNCTION("""COMPUTED_VALUE"""),1413534.0) -> 1413534 | BI25: =IFERROR(__xludf.DUMMYFUNCTION("""COMPUTED_VALUE"""),"1807 Maple Dr, San Francisco, CA 33992") -> 1807 Maple Dr, San Francisco, CA 33992 | BJ25: =IFERROR(__xludf.DUMMYFUNCTION("""COMPUTED_VALUE"""),"San Francisco") -> San Francisco | BK25: =IFERROR(__xludf.DUMMYFUNCTION("""COMPUTED_VALUE"""),33992.0) -> 33992 | BL25: =IFERROR(__xludf.DUMMYFUNCTION("""COMPUTED_VALUE"""),"CA") -> CA | BM25: =IFERROR(__xludf.DUMMYFUNCTION("""COMPUTED_VALUE"""),"6 bds") -> 6 bds | BN25: =IFERROR(__xludf.DUMMYFUNCTION("""COMPUTED_VALUE"""),"2 ba") -> 2 ba | BO25: =IFERROR(__xludf.DUMMYFUNCTION("""COMPUTED_VALUE"""),2609.0) -> 2609 | BP25: =IFERROR(__xludf.DUMMYFUNCTION("""COMPUTED_VALUE"""),6952.0) -> 6952 | BQ25: =IFERROR(__xludf.DUMMYFUNCTION("""COMPUTED_VALUE"""),1967.0) -> 1967 | BR25: =IFERROR(__xludf.DUMMYFUNCTION("""COMPUTED_VALUE"""),38.0) -> 38 | BS25: =IFERROR(__xludf.DUMMYFUNCTION("""COMPUTED_VALUE"""),"Condo") -> Condo | BT25: =IFERROR(__xludf.DUMMYFUNCTION("""COMPUTED_VALUE"""),"Z689262") -> Z689262 | BU25: =IFERROR(__xludf.DUMMYFUNCTION("""COMPUTED_VALUE"""),"Alex Johnson - Compass") -> Alex Johnson - Compass | BV25: =IFERROR(__xludf.DUMMYFUNCTION("""COMPUTED_VALUE"""),"Sold") -> Sold | BW25: =IFERROR(__xludf.DUMMYFUNCTION("""COMPUTED_VALUE"""),1.0) -> 1 | BX25: =IFERROR(__xludf.DUMMYFUNCTION("""COMPUTED_VALUE"""),"OK") -> OK | BY25: =IFERROR(__xludf.DUMMYFUNCTION("""COMPUTED_VALUE"""),"2600-3600") -> 2600-3600 | BZ25: =IFERROR(__xludf.DUMMYFUNCTION("""COMPUTED_VALUE"""),59.0) -> 59 | CA25: =IFERROR(__xludf.DUMMYFUNCTION("""COMPUTED_VALUE"""),"Old") -> Old
A26: 898597 | B26: 3530 Oak Ave, Sacramento, FL 16851 | C26: Sacramento | D26: 16851 | E26: FL | F26: 6 bds | G26: 3 ba | H26: 3814 | I26: 2093 | J26: 1957 | K26: 71 | L26: Condo | M26: Z574837 | N26: Jane Smith - Keller Williams | O26: Sold | P26: =COUNTIF(Analysis!$M$1:$M$3001,Analysis!$M26) -> 1 | Q26: =IF(COUNTIF(Analysis!$M$2:$M$3001,Analysis!$M26)>1,"Duplicate","OK") -> OK | R26: =IFS( AND(H26>=600, H26<1600),"600-1600", AND(H26>=1600, H26<2600),"1600-2600", AND(H26>=2600, H26<3600),"2600-3600", H26>=3600,"3600+" ) -> 3600+ | S26: =year(TODAY())-J26 -> 69 | T26: =ifs(AND(S26>=0,S26<=10),"New",AND(S26>10,S26<=30),"Mid",AND(S26>30,S26<=60),"Old",S26>60,"Very Old") -> Very Old | BH26: =IFERROR(__xludf.DUMMYFUNCTION("""COMPUTED_VALUE"""),727584.0) -> 727584 | BI26: =IFERROR(__xludf.DUMMYFUNCTION("""COMPUTED_VALUE"""),"2285 Pine Rd, Los Angeles, IL 68343") -> 2285 Pine Rd, Los Angeles, IL 68343 | BJ26: =IFERROR(__xludf.DUMMYFUNCTION("""COMPUTED_VALUE"""),"Los Angeles") -> Los Angeles | BK26: =IFERROR(__xludf.DUMMYFUNCTION("""COMPUTED_VALUE"""),68343.0) -> 68343 | BL26: =IFERROR(__xludf.DUMMYFUNCTION("""COMPUTED_VALUE"""),"IL") -> IL | BM26: =IFERROR(__xludf.DUMMYFUNCTION("""COMPUTED_VALUE"""),"5 bds") -> 5 bds | BN26: =IFERROR(__xludf.DUMMYFUNCTION("""COMPUTED_VALUE"""),"1 ba") -> 1 ba | BO26: =IFERROR(__xludf.DUMMYFUNCTION("""COMPUTED_VALUE"""),620.0) -> 620 | BP26: =IFERROR(__xludf.DUMMYFUNCTION("""COMPUTED_VALUE"""),3573.0) -> 3573 | BQ26: =IFERROR(__xludf.DUMMYFUNCTION("""COMPUTED_VALUE"""),2008.0) -> 2008 | BR26: =IFERROR(__xludf.DUMMYFUNCTION("""COMPUTED_VALUE"""),23.0) -> 23 | BS26: =IFERROR(__xludf.DUMMYFUNCTION("""COMPUTED_VALUE"""),"Townhouse") -> Townhouse | BT26: =IFERROR(__xludf.DUMMYFUNCTION("""COMPUTED_VALUE"""),"Z847985") -> Z847985 | BU26: =IFERROR(__xludf.DUMMYFUNCTION("""COMPUTED_VALUE"""),"Alex Johnson - Compass") -> Alex Johnson - Compass | BV26: =IFERROR(__xludf.DUMMYFUNCTION("""COMPUTED_VALUE"""),"Sold") -> Sold | BW26: =IFERROR(__xludf.DUMMYFUNCTION("""COMPUTED_VALUE"""),1.0) -> 1 | BX26: =IFERROR(__xludf.DUMMYFUNCTION("""COMPUTED_VALUE"""),"OK") -> OK | BY26: =IFERROR(__xludf.DUMMYFUNCTION("""COMPUTED_VALUE"""),"600-1600") -> 600-1600 | BZ26: =IFERROR(__xludf.DUMMYFUNCTION("""COMPUTED_VALUE"""),18.0) -> 18 | CA26: =IFERROR(__xludf.DUMMYFUNCTION("""COMPUTED_VALUE"""),"Mid") -> Mid
A27: 1335481 | B27: 8606 Main St, Los Angeles, IL 31581 | C27: Los Angeles | D27: 31581 | E27: IL | F27: 2 bds | G27: 4 ba | H27: 1583 | I27: 6306 | J27: 1979 | K27: 30 | L27: Apartment | M27: Z227123 | N27: Alex Johnson - Compass | O27: For Sale | P27: =COUNTIF(Analysis!$M$1:$M$3001,Analysis!$M27) -> 1 | Q27: =IF(COUNTIF(Analysis!$M$2:$M$3001,Analysis!$M27)>1,"Duplicate","OK") -> OK | R27: =IFS( AND(H27>=600, H27<1600),"600-1600", AND(H27>=1600, H27<2600),"1600-2600", AND(H27>=2600, H27<3600),"2600-3600", H27>=3600,"3600+" ) -> 600-1600 | S27: =year(TODAY())-J27 -> 47 | T27: =ifs(AND(S27>=0,S27<=10),"New",AND(S27>10,S27<=30),"Mid",AND(S27>30,S27<=60),"Old",S27>60,"Very Old") -> Old | V27: City | W27: Average Days on Market | Z27: Listing Agent | AA27: No. of Properties sold | BH27: =IFERROR(__xludf.DUMMYFUNCTION("""COMPUTED_VALUE"""),1386947.0) -> 1386947 | BI27: =IFERROR(__xludf.DUMMYFUNCTION("""COMPUTED_VALUE"""),"3231 Main St, Sacramento, CA 50757") -> 3231 Main St, Sacramento, CA 50757 | BJ27: =IFERROR(__xludf.DUMMYFUNCTION("""COMPUTED_VALUE"""),"Sacramento") -> Sacramento | BK27: =IFERROR(__xludf.DUMMYFUNCTION("""COMPUTED_VALUE"""),50757.0) -> 50757 | BL27: =IFERROR(__xludf.DUMMYFUNCTION("""COMPUTED_VALUE"""),"CA") -> CA | BM27: =IFERROR(__xludf.DUMMYFUNCTION("""COMPUTED_VALUE"""),"4 bds") -> 4 bds | BN27: =IFERROR(__xludf.DUMMYFUNCTION("""COMPUTED_VALUE"""),"4 ba") -> 4 ba | BO27: =IFERROR(__xludf.DUMMYFUNCTION("""COMPUTED_VALUE"""),745.0) -> 745 | BP27: =IFERROR(__xludf.DUMMYFUNCTION("""COMPUTED_VALUE"""),6797.0) -> 6797 | BQ27: =IFERROR(__xludf.DUMMYFUNCTION("""COMPUTED_VALUE"""),1969.0) -> 1969 | BR27: =IFERROR(__xludf.DUMMYFUNCTION("""COMPUTED_VALUE"""),24.0) -> 24 | BS27: =IFERROR(__xludf.DUMMYFUNCTION("""COMPUTED_VALUE"""),"Condo") -> Condo | BT27: =IFERROR(__xludf.DUMMYFUNCTION("""COMPUTED_VALUE"""),"Z873927") -> Z873927 | BU27: =IFERROR(__xludf.DUMMYFUNCTION("""COMPUTED_VALUE"""),"Alex Johnson - Compass") -> Alex Johnson - Compass | BV27: =IFERROR(__xludf.DUMMYFUNCTION("""COMPUTED_VALUE"""),"Sold") -> Sold | BW27: =IFERROR(__xludf.DUMMYFUNCTION("""COMPUTED_VALUE"""),1.0) -> 1 | BX27: =IFERROR(__xludf.DUMMYFUNCTION("""COMPUTED_VALUE"""),"OK") -> OK | BY27: =IFERROR(__xludf.DUMMYFUNCTION("""COMPUTED_VALUE"""),"600-1600") -> 600-1600 | BZ27: =IFERROR(__xludf.DUMMYFUNCTION("""COMPUTED_VALUE"""),57.0) -> 57 | CA27: =IFERROR(__xludf.DUMMYFUNCTION("""COMPUTED_VALUE"""),"Old") -> Old
A28: 1444036 | B28: 517 Elm St, San Diego, CA 73665 | C28: San Diego | D28: 73665 | E28: CA | F28: 6 bds | G28: 3 ba | H28: 743 | I28: 8853 | J28: 2018 | K28: 50 | L28: Townhouse | M28: Z964910 | N28: John Doe - RE/MAX | O28: Sold | P28: =COUNTIF(Analysis!$M$1:$M$3001,Analysis!$M28) -> 1 | Q28: =IF(COUNTIF(Analysis!$M$2:$M$3001,Analysis!$M28)>1,"Duplicate","OK") -> OK | R28: =IFS( AND(H28>=600, H28<1600),"600-1600", AND(H28>=1600, H28<2600),"1600-2600", AND(H28>=2600, H28<3600),"2600-3600", H28>=3600,"3600+" ) -> 600-1600 | S28: =year(TODAY())-J28 -> 8 | T28: =ifs(AND(S28>=0,S28<=10),"New",AND(S28>10,S28<=30),"Mid",AND(S28>30,S28<=60),"Old",S28>60,"Very Old") -> New | V28: San Diego | W28: =IFERROR(__xludf.DUMMYFUNCTION("MODE(FILTER(Listings[Days on Market],Listings[City]=V28))"),113.0) -> 113 | Z28: {=UNIQUE(Listings[Listing Agent],FALSE,False)} -> Alex Johnson - Compass | AA28: =COUNTIFS(Listings[Listing Agent],Z28,Listings[Status],"Sold") -> 224 | BH28: =IFERROR(__xludf.DUMMYFUNCTION("""COMPUTED_VALUE"""),368960.0) -> 368960 | BI28: =IFERROR(__xludf.DUMMYFUNCTION("""COMPUTED_VALUE"""),"4383 Oak Ave, Los Angeles, NY 97233") -> 4383 Oak Ave, Los Angeles, NY 97233 | BJ28: =IFERROR(__xludf.DUMMYFUNCTION("""COMPUTED_VALUE"""),"Los Angeles") -> Los Angeles | BK28: =IFERROR(__xludf.DUMMYFUNCTION("""COMPUTED_VALUE"""),97233.0) -> 97233 | BL28: =IFERROR(__xludf.DUMMYFUNCTION("""COMPUTED_VALUE"""),"NY") -> NY | BM28: =IFERROR(__xludf.DUMMYFUNCTION("""COMPUTED_VALUE"""),"3 bds") -> 3 bds | BN28: =IFERROR(__xludf.DUMMYFUNCTION("""COMPUTED_VALUE"""),"1 ba") -> 1 ba | BO28: =IFERROR(__xludf.DUMMYFUNCTION("""COMPUTED_VALUE"""),1447.0) -> 1447 | BP28: =IFERROR(__xludf.DUMMYFUNCTION("""COMPUTED_VALUE"""),3020.0) -> 3020 | BQ28: =IFERROR(__xludf.DUMMYFUNCTION("""COMPUTED_VALUE"""),2009.0) -> 2009 | BR28: =IFERROR(__xludf.DUMMYFUNCTION("""COMPUTED_VALUE"""),30.0) -> 30 | BS28: =IFERROR(__xludf.DUMMYFUNCTION("""COMPUTED_VALUE"""),"Single Family") -> Single Family | BT28: =IFERROR(__xludf.DUMMYFUNCTION("""COMPUTED_VALUE"""),"Z756126") -> Z756126 | BU28: =IFERROR(__xludf.DUMMYFUNCTION("""COMPUTED_VALUE"""),"Alex Johnson - Compass") -> Alex Johnson - Compass | BV28: =IFERROR(__xludf.DUMMYFUNCTION("""COMPUTED_VALUE"""),"Sold") -> Sold | BW28: =IFERROR(__xludf.DUMMYFUNCTION("""COMPUTED_VALUE"""),1.0) -> 1 | BX28: =IFERROR(__xludf.DUMMYFUNCTION("""COMPUTED_VALUE"""),"OK") -> OK | BY28: =IFERROR(__xludf.DUMMYFUNCTION("""COMPUTED_VALUE"""),"600-1600") -> 600-1600 | BZ28: =IFERROR(__xludf.DUMMYFUNCTION("""COMPUTED_VALUE"""),17.0) -> 17 | CA28: =IFERROR(__xludf.DUMMYFUNCTION("""COMPUTED_VALUE"""),"Mid") -> Mid
A29: 831525 | B29: 982 Oak Ave, Sacramento, CA 45375 | C29: Sacramento | D29: 45375 | E29: CA | F29: 4 bds | G29: 3 ba | H29: 1165 | I29: 3128 | J29: 1954 | K29: 57 | L29: Townhouse | M29: Z275900 | N29: Alex Johnson - Compass | O29: For Sale | P29: =COUNTIF(Analysis!$M$1:$M$3001,Analysis!$M29) -> 1 | Q29: =IF(COUNTIF(Analysis!$M$2:$M$3001,Analysis!$M29)>1,"Duplicate","OK") -> OK | R29: =IFS( AND(H29>=600, H29<1600),"600-1600", AND(H29>=1600, H29<2600),"1600-2600", AND(H29>=2600, H29<3600),"2600-3600", H29>=3600,"3600+" ) -> 600-1600 | S29: =year(TODAY())-J29 -> 72 | T29: =ifs(AND(S29>=0,S29<=10),"New",AND(S29>10,S29<=30),"Mid",AND(S29>30,S29<=60),"Old",S29>60,"Very Old") -> Very Old | V29: Fresno | W29: =IFERROR(__xludf.DUMMYFUNCTION("MODE(FILTER(Listings[Days on Market],Listings[City]=V29))"),110.0) -> 110 | Z29: Mike Lee - Coldwell Banker | AA29: =COUNTIFS(Listings[Listing Agent],Z29,Listings[Status],"Sold") -> 189 | BH29: =IFERROR(__xludf.DUMMYFUNCTION("""COMPUTED_VALUE"""),516722.0) -> 516722 | BI29: =IFERROR(__xludf.DUMMYFUNCTION("""COMPUTED_VALUE"""),"6996 Pine Rd, San Diego, NY 38001") -> 6996 Pine Rd, San Diego, NY 38001 | BJ29: =IFERROR(__xludf.DUMMYFUNCTION("""COMPUTED_VALUE"""),"San Diego") -> San Diego | BK29: =IFERROR(__xludf.DUMMYFUNCTION("""COMPUTED_VALUE"""),38001.0) -> 38001 | BL29: =IFERROR(__xludf.DUMMYFUNCTION("""COMPUTED_VALUE"""),"NY") -> NY | BM29: =IFERROR(__xludf.DUMMYFUNCTION("""COMPUTED_VALUE"""),"1 bds") -> 1 bds | BN29: =IFERROR(__xludf.DUMMYFUNCTION("""COMPUTED_VALUE"""),"4 ba") -> 4 ba | BO29: =IFERROR(__xludf.DUMMYFUNCTION("""COMPUTED_VALUE"""),3242.0) -> 3242 | BP29: =IFERROR(__xludf.DUMMYFUNCTION("""COMPUTED_VALUE"""),9096.0) -> 9096 | BQ29: =IFERROR(__xludf.DUMMYFUNCTION("""COMPUTED_VALUE"""),1955.0) -> 1955 | BR29: =IFERROR(__xludf.DUMMYFUNCTION("""COMPUTED_VALUE"""),40.0) -> 40 | BS29: =IFERROR(__xludf.DUMMYFUNCTION("""COMPUTED_VALUE"""),"Single Family") -> Single Family | BT29: =IFERROR(__xludf.DUMMYFUNCTION("""COMPUTED_VALUE"""),"Z119727") -> Z119727 | BU29: =IFERROR(__xludf.DUMMYFUNCTION("""COMPUTED_VALUE"""),"Alex Johnson - Compass") -> Alex Johnson - Compass | BV29: =IFERROR(__xludf.DUMMYFUNCTION("""COMPUTED_VALUE"""),"Sold") -> Sold | BW29: =IFERROR(__xludf.DUMMYFUNCTION("""COMPUTED_VALUE"""),1.0) -> 1 | BX29: =IFERROR(__xludf.DUMMYFUNCTION("""COMPUTED_VALUE"""),"OK") -> OK | BY29: =IFERROR(__xludf.DUMMYFUNCTION("""COMPUTED_VALUE"""),"2600-3600") -> 2600-3600 | BZ29: =IFERROR(__xludf.DUMMYFUNCTION("""COMPUTED_VALUE"""),71.0) -> 71 | CA29: =IFERROR(__xludf.DUMMYFUNCTION("""COMPUTED_VALUE"""),"Very Old") -> Very Old
A30: 911317 | B30: 7675 Maple Dr, Los Angeles, NY 25618 | C30: Los Angeles | D30: 25618 | E30: NY | F30: 3 bds | G30: 2 ba | H30: 908 | I30: 1492 | J30: 1963 | K30: 42 | L30: Apartment | M30: Z313548 | N30: Emily Davis - Century 21 | O30: Sold | P30: =COUNTIF(Analysis!$M$1:$M$3001,Analysis!$M30) -> 1 | Q30: =IF(COUNTIF(Analysis!$M$2:$M$3001,Analysis!$M30)>1,"Duplicate","OK") -> OK | R30: =IFS( AND(H30>=600, H30<1600),"600-1600", AND(H30>=1600, H30<2600),"1600-2600", AND(H30>=2600, H30<3600),"2600-3600", H30>=3600,"3600+" ) -> 600-1600 | S30: =year(TODAY())-J30 -> 63 | T30: =ifs(AND(S30>=0,S30<=10),"New",AND(S30>10,S30<=30),"Mid",AND(S30>30,S30<=60),"Old",S30>60,"Very Old") -> Very Old | V30: Sacramento | W30: =IFERROR(__xludf.DUMMYFUNCTION("MODE(FILTER(Listings[Days on Market],Listings[City]=V30))"),18.0) -> 18 | Z30: John Doe - RE/MAX | AA30: =COUNTIFS(Listings[Listing Agent],Z30,Listings[Status],"Sold") -> 215 | BH30: =IFERROR(__xludf.DUMMYFUNCTION("""COMPUTED_VALUE"""),1154506.0) -> 1154506 | BI30: =IFERROR(__xludf.DUMMYFUNCTION("""COMPUTED_VALUE"""),"1668 Maple Dr, Sacramento, TX 40884") -> 1668 Maple Dr, Sacramento, TX 40884 | BJ30: =IFERROR(__xludf.DUMMYFUNCTION("""COMPUTED_VALUE"""),"Sacramento") -> Sacramento | BK30: =IFERROR(__xludf.DUMMYFUNCTION("""COMPUTED_VALUE"""),40884.0) -> 40884 | BL30: =IFERROR(__xludf.DUMMYFUNCTION("""COMPUTED_VALUE"""),"TX") -> TX | BM30: =IFERROR(__xludf.DUMMYFUNCTION("""COMPUTED_VALUE"""),"3 bds") -> 3 bds | BN30: =IFERROR(__xludf.DUMMYFUNCTION("""COMPUTED_VALUE"""),"2 ba") -> 2 ba | BO30: =IFERROR(__xludf.DUMMYFUNCTION("""COMPUTED_VALUE"""),2342.0) -> 2342 | BP30: =IFERROR(__xludf.DUMMYFUNCTION("""COMPUTED_VALUE"""),2659.0) -> 2659 | BQ30: =IFERROR(__xludf.DUMMYFUNCTION("""COMPUTED_VALUE"""),2009.0) -> 2009 | BR30: =IFERROR(__xludf.DUMMYFUNCTION("""COMPUTED_VALUE"""),74.0) -> 74 | BS30: =IFERROR(__xludf.DUMMYFUNCTION("""COMPUTED_VALUE"""),"Apartment") -> Apartment | BT30: =IFERROR(__xludf.DUMMYFUNCTION("""COMPUTED_VALUE"""),"Z448704") -> Z448704 | BU30: =IFERROR(__xludf.DUMMYFUNCTION("""COMPUTED_VALUE"""),"Alex Johnson - Compass") -> Alex Johnson - Compass | BV30: =IFERROR(__xludf.DUMMYFUNCTION("""COMPUTED_VALUE"""),"Sold") -> Sold | BW30: =IFERROR(__xludf.DUMMYFUNCTION("""COMPUTED_VALUE"""),1.0) -> 1 | BX30: =IFERROR(__xludf.DUMMYFUNCTION("""COMPUTED_VALUE"""),"OK") -> OK | BY30: =IFERROR(__xludf.DUMMYFUNCTION("""COMPUTED_VALUE"""),"1600-2600") -> 1600-2600 | BZ30: =IFERROR(__xludf.DUMMYFUNCTION("""COMPUTED_VALUE"""),17.0) -> 17 | CA30: =IFERROR(__xludf.DUMMYFUNCTION("""COMPUTED_VALUE"""),"Mid") -> Mid
A31: 858386 | B31: 1580 Elm St, San Francisco, FL 11309 | C31: San Francisco | D31: 11309 | E31: FL | F31: 2 bds | G31: 2 ba | H31: 1475 | I31: 1926 | J31: 1983 | K31: 102 | L31: Multi-Family | M31: Z747104 | N31: Emily Davis - Century 21 | O31: Sold | P31: =COUNTIF(Analysis!$M$1:$M$3001,Analysis!$M31) -> 1 | Q31: =IF(COUNTIF(Analysis!$M$2:$M$3001,Analysis!$M31)>1,"Duplicate","OK") -> OK | R31: =IFS( AND(H31>=600, H31<1600),"600-1600", AND(H31>=1600, H31<2600),"1600-2600", AND(H31>=2600, H31<3600),"2600-3600", H31>=3600,"3600+" ) -> 600-1600 | S31: =year(TODAY())-J31 -> 43 | T31: =ifs(AND(S31>=0,S31<=10),"New",AND(S31>10,S31<=30),"Mid",AND(S31>30,S31<=60),"Old",S31>60,"Very Old") -> Old | V31: Los Angeles | W31: =IFERROR(__xludf.DUMMYFUNCTION("MODE(FILTER(Listings[Days on Market],Listings[City]=V31))"),63.0) -> 63 | Z31: Jane Smith - Keller Williams | AA31: =COUNTIFS(Listings[Listing Agent],Z31,Listings[Status],"Sold") -> 223 | BH31: =IFERROR(__xludf.DUMMYFUNCTION("""COMPUTED_VALUE"""),572510.0) -> 572510 | BI31: =IFERROR(__xludf.DUMMYFUNCTION("""COMPUTED_VALUE"""),"8599 Main St, San Francisco, NY 51007") -> 8599 Main St, San Francisco, NY 51007 | BJ31: =IFERROR(__xludf.DUMMYFUNCTION("""COMPUTED_VALUE"""),"San Francisco") -> San Francisco | BK31: =IFERROR(__xludf.DUMMYFUNCTION("""COMPUTED_VALUE"""),51007.0) -> 51007 | BL31: =IFERROR(__xludf.DUMMYFUNCTION("""COMPUTED_VALUE"""),"NY") -> NY | BM31: =IFERROR(__xludf.DUMMYFUNCTION("""COMPUTED_VALUE"""),"5 bds") -> 5 bds | BN31: =IFERROR(__xludf.DUMMYFUNCTION("""COMPUTED_VALUE"""),"4 ba") -> 4 ba | BO31: =IFERROR(__xludf.DUMMYFUNCTION("""COMPUTED_VALUE"""),3199.0) -> 3199 | BP31: =IFERROR(__xludf.DUMMYFUNCTION("""COMPUTED_VALUE"""),1413.0) -> 1413 | BQ31: =IFERROR(__xludf.DUMMYFUNCTION("""COMPUTED_VALUE"""),2006.0) -> 2006 | BR31: =IFERROR(__xludf.DUMMYFUNCTION("""COMPUTED_VALUE"""),77.0) -> 77 | BS31: =IFERROR(__xludf.DUMMYFUNCTION("""COMPUTED_VALUE"""),"Apartment") -> Apartment | BT31: =IFERROR(__xludf.DUMMYFUNCTION("""COMPUTED_VALUE"""),"Z213229") -> Z213229 | BU31: =IFERROR(__xludf.DUMMYFUNCTION("""COMPUTED_VALUE"""),"Alex Johnson - Compass") -> Alex Johnson - Compass | BV31: =IFERROR(__xludf.DUMMYFUNCTION("""COMPUTED_VALUE"""),"Sold") -> Sold | BW31: =IFERROR(__xludf.DUMMYFUNCTION("""COMPUTED_VALUE"""),1.0) -> 1 | BX31: =IFERROR(__xludf.DUMMYFUNCTION("""COMPUTED_VALUE"""),"OK") -> OK | BY31: =IFERROR(__xludf.DUMMYFUNCTION("""COMPUTED_VALUE"""),"2600-3600") -> 2600-3600 | BZ31: =IFERROR(__xludf.DUMMYFUNCTION("""COMPUTED_VALUE"""),20.0) -> 20 | CA31: =IFERROR(__xludf.DUMMYFUNCTION("""COMPUTED_VALUE"""),"Mid") -> Mid
A32: 705506 | B32: 8382 Main St, Sacramento, CA 74703 | C32: Sacramento | D32: 74703 | E32: CA | F32: 6 bds | G32: 1 ba | H32: 3892 | I32: 4133 | J32: 1985 | K32: 113 | L32: Townhouse | M32: Z131077 | N32: Jane Smith - Keller Williams | O32: Pending | P32: =COUNTIF(Analysis!$M$1:$M$3001,Analysis!$M32) -> 1 | Q32: =IF(COUNTIF(Analysis!$M$2:$M$3001,Analysis!$M32)>1,"Duplicate","OK") -> OK | R32: =IFS( AND(H32>=600, H32<1600),"600-1600", AND(H32>=1600, H32<2600),"1600-2600", AND(H32>=2600, H32<3600),"2600-3600", H32>=3600,"3600+" ) -> 3600+ | S32: =year(TODAY())-J32 -> 41 | T32: =ifs(AND(S32>=0,S32<=10),"New",AND(S32>10,S32<=30),"Mid",AND(S32>30,S32<=60),"Old",S32>60,"Very Old") -> Old | V32: San Francisco | W32: =IFERROR(__xludf.DUMMYFUNCTION("MODE(FILTER(Listings[Days on Market],Listings[City]=V32))"),9.0) -> 9 | Z32: Emily Davis - Century 21 | AA32: =COUNTIFS(Listings[Listing Agent],Z32,Listings[Status],"Sold") -> 194 | BH32: =IFERROR(__xludf.DUMMYFUNCTION("""COMPUTED_VALUE"""),1265663.0) -> 1265663 | BI32: =IFERROR(__xludf.DUMMYFUNCTION("""COMPUTED_VALUE"""),"2875 Elm St, San Diego, CA 44650") -> 2875 Elm St, San Diego, CA 44650 | BJ32: =IFERROR(__xludf.DUMMYFUNCTION("""COMPUTED_VALUE"""),"San Diego") -> San Diego | BK32: =IFERROR(__xludf.DUMMYFUNCTION("""COMPUTED_VALUE"""),44650.0) -> 44650 | BL32: =IFERROR(__xludf.DUMMYFUNCTION("""COMPUTED_VALUE"""),"CA") -> CA | BM32: =IFERROR(__xludf.DUMMYFUNCTION("""COMPUTED_VALUE"""),"6 bds") -> 6 bds | BN32: =IFERROR(__xludf.DUMMYFUNCTION("""COMPUTED_VALUE"""),"4 ba") -> 4 ba | BO32: =IFERROR(__xludf.DUMMYFUNCTION("""COMPUTED_VALUE"""),1944.0) -> 1944 | BP32: =IFERROR(__xludf.DUMMYFUNCTION("""COMPUTED_VALUE"""),1360.0) -> 1360 | BQ32: =IFERROR(__xludf.DUMMYFUNCTION("""COMPUTED_VALUE"""),1951.0) -> 1951 | BR32: =IFERROR(__xludf.DUMMYFUNCTION("""COMPUTED_VALUE"""),51.0) -> 51 | BS32: =IFERROR(__xludf.DUMMYFUNCTION("""COMPUTED_VALUE"""),"Multi-Family") -> Multi-Family | BT32: =IFERROR(__xludf.DUMMYFUNCTION("""COMPUTED_VALUE"""),"Z299587") -> Z299587 | BU32: =IFERROR(__xludf.DUMMYFUNCTION("""COMPUTED_VALUE"""),"Alex Johnson - Compass") -> Alex Johnson - Compass | BV32: =IFERROR(__xludf.DUMMYFUNCTION("""COMPUTED_VALUE"""),"Sold") -> Sold | BW32: =IFERROR(__xludf.DUMMYFUNCTION("""COMPUTED_VALUE"""),1.0) -> 1 | BX32: =IFERROR(__xludf.DUMMYFUNCTION("""COMPUTED_VALUE"""),"OK") -> OK | BY32: =IFERROR(__xludf.DUMMYFUNCTION("""COMPUTED_VALUE"""),"1600-2600") -> 1600-2600 | BZ32: =IFERROR(__xludf.DUMMYFUNCTION("""COMPUTED_VALUE"""),75.0) -> 75 | CA32: =IFERROR(__xludf.DUMMYFUNCTION("""COMPUTED_VALUE"""),"Very Old") -> Very Old
A33: 1461297 | B33: 1193 Oak Ave, San Diego, NY 19858 | C33: San Diego | D33: 19858 | E33: NY | F33: 1 bds | G33: 3 ba | H33: 3156 | I33: 2935 | J33: 1961 | K33: 61 | L33: Apartment | M33: Z713668 | N33: Jane Smith - Keller Williams | O33: Sold | P33: =COUNTIF(Analysis!$M$1:$M$3001,Analysis!$M33) -> 1 | Q33: =IF(COUNTIF(Analysis!$M$2:$M$3001,Analysis!$M33)>1,"Duplicate","OK") -> OK | R33: =IFS( AND(H33>=600, H33<1600),"600-1600", AND(H33>=1600, H33<2600),"1600-2600", AND(H33>=2600, H33<3600),"2600-3600", H33>=3600,"3600+" ) -> 2600-3600 | S33: =year(TODAY())-J33 -> 65 | T33: =ifs(AND(S33>=0,S33<=10),"New",AND(S33>10,S33<=30),"Mid",AND(S33>30,S33<=60),"Old",S33>60,"Very Old") -> Very Old | BH33: =IFERROR(__xludf.DUMMYFUNCTION("""COMPUTED_VALUE"""),750711.0) -> 750711 | BI33: =IFERROR(__xludf.DUMMYFUNCTION("""COMPUTED_VALUE"""),"2228 Pine Rd, Los Angeles, NY 33826") -> 2228 Pine Rd, Los Angeles, NY 33826 | BJ33: =IFERROR(__xludf.DUMMYFUNCTION("""COMPUTED_VALUE"""),"Los Angeles") -> Los Angeles | BK33: =IFERROR(__xludf.DUMMYFUNCTION("""COMPUTED_VALUE"""),33826.0) -> 33826 | BL33: =IFERROR(__xludf.DUMMYFUNCTION("""COMPUTED_VALUE"""),"NY") -> NY | BM33: =IFERROR(__xludf.DUMMYFUNCTION("""COMPUTED_VALUE"""),"2 bds") -> 2 bds | BN33: =IFERROR(__xludf.DUMMYFUNCTION("""COMPUTED_VALUE"""),"4 ba") -> 4 ba | BO33: =IFERROR(__xludf.DUMMYFUNCTION("""COMPUTED_VALUE"""),714.0) -> 714 | BP33: =IFERROR(__xludf.DUMMYFUNCTION("""COMPUTED_VALUE"""),9529.0) -> 9529 | BQ33: =IFERROR(__xludf.DUMMYFUNCTION("""COMPUTED_VALUE"""),1959.0) -> 1959 | BR33: =IFERROR(__xludf.DUMMYFUNCTION("""COMPUTED_VALUE"""),98.0) -> 98 | BS33: =IFERROR(__xludf.DUMMYFUNCTION("""COMPUTED_VALUE"""),"Condo") -> Condo | BT33: =IFERROR(__xludf.DUMMYFUNCTION("""COMPUTED_VALUE"""),"Z644770") -> Z644770 | BU33: =IFERROR(__xludf.DUMMYFUNCTION("""COMPUTED_VALUE"""),"Alex Johnson - Compass") -> Alex Johnson - Compass | BV33: =IFERROR(__xludf.DUMMYFUNCTION("""COMPUTED_VALUE"""),"Sold") -> Sold | BW33: =IFERROR(__xludf.DUMMYFUNCTION("""COMPUTED_VALUE"""),1.0) -> 1 | BX33: =IFERROR(__xludf.DUMMYFUNCTION("""COMPUTED_VALUE"""),"OK") -> OK | BY33: =IFERROR(__xludf.DUMMYFUNCTION("""COMPUTED_VALUE"""),"600-1600") -> 600-1600 | BZ33: =IFERROR(__xludf.DUMMYFUNCTION("""COMPUTED_VALUE"""),67.0) -> 67 | CA33: =IFERROR(__xludf.DUMMYFUNCTION("""COMPUTED_VALUE"""),"Very Old") -> Very Old
A34: 630339 | B34: 4020 Elm St, San Diego, IL 93752 | C34: San Diego | D34: 93752 | E34: IL | F34: 1 bds | G34: 4 ba | H34: 1752 | I34: 3040 | J34: 1993 | K34: 61 | L34: Single Family | M34: Z221816 | N34: Mike Lee - Coldwell Banker | O34: For Sale | P34: =COUNTIF(Analysis!$M$1:$M$3001,Analysis!$M34) -> 1 | Q34: =IF(COUNTIF(Analysis!$M$2:$M$3001,Analysis!$M34)>1,"Duplicate","OK") -> OK | R34: =IFS( AND(H34>=600, H34<1600),"600-1600", AND(H34>=1600, H34<2600),"1600-2600", AND(H34>=2600, H34<3600),"2600-3600", H34>=3600,"3600+" ) -> 1600-2600 | S34: =year(TODAY())-J34 -> 33 | T34: =ifs(AND(S34>=0,S34<=10),"New",AND(S34>10,S34<=30),"Mid",AND(S34>30,S34<=60),"Old",S34>60,"Very Old") -> Old | BH34: =IFERROR(__xludf.DUMMYFUNCTION("""COMPUTED_VALUE"""),974380.0) -> 974380 | BI34: =IFERROR(__xludf.DUMMYFUNCTION("""COMPUTED_VALUE"""),"8685 Elm St, Sacramento, IL 27970") -> 8685 Elm St, Sacramento, IL 27970 | BJ34: =IFERROR(__xludf.DUMMYFUNCTION("""COMPUTED_VALUE"""),"Sacramento") -> Sacramento | BK34: =IFERROR(__xludf.DUMMYFUNCTION("""COMPUTED_VALUE"""),27970.0) -> 27970 | BL34: =IFERROR(__xludf.DUMMYFUNCTION("""COMPUTED_VALUE"""),"IL") -> IL | BM34: =IFERROR(__xludf.DUMMYFUNCTION("""COMPUTED_VALUE"""),"3 bds") -> 3 bds | BN34: =IFERROR(__xludf.DUMMYFUNCTION("""COMPUTED_VALUE"""),"3 ba") -> 3 ba | BO34: =IFERROR(__xludf.DUMMYFUNCTION("""COMPUTED_VALUE"""),2311.0) -> 2311 | BP34: =IFERROR(__xludf.DUMMYFUNCTION("""COMPUTED_VALUE"""),1758.0) -> 1758 | BQ34: =IFERROR(__xludf.DUMMYFUNCTION("""COMPUTED_VALUE"""),2002.0) -> 2002 | BR34: =IFERROR(__xludf.DUMMYFUNCTION("""COMPUTED_VALUE"""),43.0) -> 43 | BS34: =IFERROR(__xludf.DUMMYFUNCTION("""COMPUTED_VALUE"""),"Apartment") -> Apartment | BT34: =IFERROR(__xludf.DUMMYFUNCTION("""COMPUTED_VALUE"""),"Z477296") -> Z477296 | BU34: =IFERROR(__xludf.DUMMYFUNCTION("""COMPUTED_VALUE"""),"Alex Johnson - Compass") -> Alex Johnson - Compass | BV34: =IFERROR(__xludf.DUMMYFUNCTION("""COMPUTED_VALUE"""),"Sold") -> Sold | BW34: =IFERROR(__xludf.DUMMYFUNCTION("""COMPUTED_VALUE"""),1.0) -> 1 | BX34: =IFERROR(__xludf.DUMMYFUNCTION("""COMPUTED_VALUE"""),"OK") -> OK | BY34: =IFERROR(__xludf.DUMMYFUNCTION("""COMPUTED_VALUE"""),"1600-2600") -> 1600-2600 | BZ34: =IFERROR(__xludf.DUMMYFUNCTION("""COMPUTED_VALUE"""),24.0) -> 24 | CA34: =IFERROR(__xludf.DUMMYFUNCTION("""COMPUTED_VALUE"""),"Mid") -> Mid
A35: 268142 | B35: 7473 Maple Dr, Los Angeles, CA 61325 | C35: Los Angeles | D35: 61325 | E35: CA | F35: 6 bds | G35: 4 ba | H35: 3778 | I35: 3988 | J35: 2012 | K35: 8 | L35: Single Family | M35: Z231590 | N35: Jane Smith - Keller Williams | O35: For Sale | P35: =COUNTIF(Analysis!$M$1:$M$3001,Analysis!$M35) -> 1 | Q35: =IF(COUNTIF(Analysis!$M$2:$M$3001,Analysis!$M35)>1,"Duplicate","OK") -> OK | R35: =IFS( AND(H35>=600, H35<1600),"600-1600", AND(H35>=1600, H35<2600),"1600-2600", AND(H35>=2600, H35<3600),"2600-3600", H35>=3600,"3600+" ) -> 3600+ | S35: =year(TODAY())-J35 -> 14 | T35: =ifs(AND(S35>=0,S35<=10),"New",AND(S35>10,S35<=30),"Mid",AND(S35>30,S35<=60),"Old",S35>60,"Very Old") -> Mid | BH35: =IFERROR(__xludf.DUMMYFUNCTION("""COMPUTED_VALUE"""),292045.0) -> 292045 | BI35: =IFERROR(__xludf.DUMMYFUNCTION("""COMPUTED_VALUE"""),"5036 Oak Ave, Fresno, TX 59637") -> 5036 Oak Ave, Fresno, TX 59637 | BJ35: =IFERROR(__xludf.DUMMYFUNCTION("""COMPUTED_VALUE"""),"Fresno") -> Fresno | BK35: =IFERROR(__xludf.DUMMYFUNCTION("""COMPUTED_VALUE"""),59637.0) -> 59637 | BL35: =IFERROR(__xludf.DUMMYFUNCTION("""COMPUTED_VALUE"""),"TX") -> TX | BM35: =IFERROR(__xludf.DUMMYFUNCTION("""COMPUTED_VALUE"""),"2 bds") -> 2 bds | BN35: =IFERROR(__xludf.DUMMYFUNCTION("""COMPUTED_VALUE"""),"3 ba") -> 3 ba | BO35: =IFERROR(__xludf.DUMMYFUNCTION("""COMPUTED_VALUE"""),1577.0) -> 1577 | BP35: =IFERROR(__xludf.DUMMYFUNCTION("""COMPUTED_VALUE"""),4047.0) -> 4047 | BQ35: =IFERROR(__xludf.DUMMYFUNCTION("""COMPUTED_VALUE"""),1989.0) -> 1989 | BR35: =IFERROR(__xludf.DUMMYFUNCTION("""COMPUTED_VALUE"""),103.0) -> 103 | BS35: =IFERROR(__xludf.DUMMYFUNCTION("""COMPUTED_VALUE"""),"Single Family") -> Single Family | BT35: =IFERROR(__xludf.DUMMYFUNCTION("""COMPUTED_VALUE"""),"Z665039") -> Z665039 | BU35: =IFERROR(__xludf.DUMMYFUNCTION("""COMPUTED_VALUE"""),"Alex Johnson - Compass") -> Alex Johnson - Compass | BV35: =IFERROR(__xludf.DUMMYFUNCTION("""COMPUTED_VALUE"""),"Sold") -> Sold | BW35: =IFERROR(__xludf.DUMMYFUNCTION("""COMPUTED_VALUE"""),1.0) -> 1 | BX35: =IFERROR(__xludf.DUMMYFUNCTION("""COMPUTED_VALUE"""),"OK") -> OK | BY35: =IFERROR(__xludf.DUMMYFUNCTION("""COMPUTED_VALUE"""),"600-1600") -> 600-1600 | BZ35: =IFERROR(__xludf.DUMMYFUNCTION("""COMPUTED_VALUE"""),37.0) -> 37 | CA35: =IFERROR(__xludf.DUMMYFUNCTION("""COMPUTED_VALUE"""),"Old") -> Old
A36: 1250016 | B36: 4820 Pine Rd, San Francisco, NY 44242 | C36: San Francisco | D36: 44242 | E36: NY | F36: 3 bds | G36: 4 ba | H36: 3551 | I36: 1230 | J36: 1961 | K36: 58 | L36: Multi-Family | M36: Z326594 | N36: Jane Smith - Keller Williams | O36: For Sale | P36: =COUNTIF(Analysis!$M$1:$M$3001,Analysis!$M36) -> 1 | Q36: =IF(COUNTIF(Analysis!$M$2:$M$3001,Analysis!$M36)>1,"Duplicate","OK") -> OK | R36: =IFS( AND(H36>=600, H36<1600),"600-1600", AND(H36>=1600, H36<2600),"1600-2600", AND(H36>=2600, H36<3600),"2600-3600", H36>=3600,"3600+" ) -> 2600-3600 | S36: =year(TODAY())-J36 -> 65 | T36: =ifs(AND(S36>=0,S36<=10),"New",AND(S36>10,S36<=30),"Mid",AND(S36>30,S36<=60),"Old",S36>60,"Very Old") -> Very Old | BH36: =IFERROR(__xludf.DUMMYFUNCTION("""COMPUTED_VALUE"""),321378.0) -> 321378 | BI36: =IFERROR(__xludf.DUMMYFUNCTION("""COMPUTED_VALUE"""),"1237 Pine Rd, Fresno, CA 42332") -> 1237 Pine Rd, Fresno, CA 42332 | BJ36: =IFERROR(__xludf.DUMMYFUNCTION("""COMPUTED_VALUE"""),"Fresno") -> Fresno | BK36: =IFERROR(__xludf.DUMMYFUNCTION("""COMPUTED_VALUE"""),42332.0) -> 42332 | BL36: =IFERROR(__xludf.DUMMYFUNCTION("""COMPUTED_VALUE"""),"CA") -> CA | BM36: =IFERROR(__xludf.DUMMYFUNCTION("""COMPUTED_VALUE"""),"4 bds") -> 4 bds | BN36: =IFERROR(__xludf.DUMMYFUNCTION("""COMPUTED_VALUE"""),"1 ba") -> 1 ba | BO36: =IFERROR(__xludf.DUMMYFUNCTION("""COMPUTED_VALUE"""),1462.0) -> 1462 | BP36: =IFERROR(__xludf.DUMMYFUNCTION("""COMPUTED_VALUE"""),3326.0) -> 3326 | BQ36: =IFERROR(__xludf.DUMMYFUNCTION("""COMPUTED_VALUE"""),1951.0) -> 1951 | BR36: =IFERROR(__xludf.DUMMYFUNCTION("""COMPUTED_VALUE"""),78.0) -> 78 | BS36: =IFERROR(__xludf.DUMMYFUNCTION("""COMPUTED_VALUE"""),"Condo") -> Condo | BT36: =IFERROR(__xludf.DUMMYFUNCTION("""COMPUTED_VALUE"""),"Z445256") -> Z445256 | BU36: =IFERROR(__xludf.DUMMYFUNCTION("""COMPUTED_VALUE"""),"Alex Johnson - Compass") -> Alex Johnson - Compass | BV36: =IFERROR(__xludf.DUMMYFUNCTION("""COMPUTED_VALUE"""),"Sold") -> Sold | BW36: =IFERROR(__xludf.DUMMYFUNCTION("""COMPUTED_VALUE"""),1.0) -> 1 | BX36: =IFERROR(__xludf.DUMMYFUNCTION("""COMPUTED_VALUE"""),"OK") -> OK | BY36: =IFERROR(__xludf.DUMMYFUNCTION("""COMPUTED_VALUE"""),"600-1600") -> 600-1600 | BZ36: =IFERROR(__xludf.DUMMYFUNCTION("""COMPUTED_VALUE"""),75.0) -> 75 | CA36: =IFERROR(__xludf.DUMMYFUNCTION("""COMPUTED_VALUE"""),"Very Old") -> Very Old
A37: 1231600 | B37: 345 Elm St, San Diego, CA 65902 | C37: San Diego | D37: 65902 | E37: CA | F37: 1 bds | G37: 3 ba | H37: 3640 | I37: 9593 | J37: 2008 | K37: 108 | L37: Single Family | M37: Z651394 | N37: Mike Lee - Coldwell Banker | O37: Sold | P37: =COUNTIF(Analysis!$M$1:$M$3001,Analysis!$M37) -> 1 | Q37: =IF(COUNTIF(Analysis!$M$2:$M$3001,Analysis!$M37)>1,"Duplicate","OK") -> OK | R37: =IFS( AND(H37>=600, H37<1600),"600-1600", AND(H37>=1600, H37<2600),"1600-2600", AND(H37>=2600, H37<3600),"2600-3600", H37>=3600,"3600+" ) -> 3600+ | S37: =year(TODAY())-J37 -> 18 | T37: =ifs(AND(S37>=0,S37<=10),"New",AND(S37>10,S37<=30),"Mid",AND(S37>30,S37<=60),"Old",S37>60,"Very Old") -> Mid | BH37: =IFERROR(__xludf.DUMMYFUNCTION("""COMPUTED_VALUE"""),499747.0) -> 499747 | BI37: =IFERROR(__xludf.DUMMYFUNCTION("""COMPUTED_VALUE"""),"870 Oak Ave, San Diego, NY 54416") -> 870 Oak Ave, San Diego, NY 54416 | BJ37: =IFERROR(__xludf.DUMMYFUNCTION("""COMPUTED_VALUE"""),"San Diego") -> San Diego | BK37: =IFERROR(__xludf.DUMMYFUNCTION("""COMPUTED_VALUE"""),54416.0) -> 54416 | BL37: =IFERROR(__xludf.DUMMYFUNCTION("""COMPUTED_VALUE"""),"NY") -> NY | BM37: =IFERROR(__xludf.DUMMYFUNCTION("""COMPUTED_VALUE"""),"2 bds") -> 2 bds | BN37: =IFERROR(__xludf.DUMMYFUNCTION("""COMPUTED_VALUE"""),"1 ba") -> 1 ba | BO37: =IFERROR(__xludf.DUMMYFUNCTION("""COMPUTED_VALUE"""),1978.0) -> 1978 | BP37: =IFERROR(__xludf.DUMMYFUNCTION("""COMPUTED_VALUE"""),4716.0) -> 4716 | BQ37: =IFERROR(__xludf.DUMMYFUNCTION("""COMPUTED_VALUE"""),2015.0) -> 2015 | BR37: =IFERROR(__xludf.DUMMYFUNCTION("""COMPUTED_VALUE"""),48.0) -> 48 | BS37: =IFERROR(__xludf.DUMMYFUNCTION("""COMPUTED_VALUE"""),"Townhouse") -> Townhouse | BT37: =IFERROR(__xludf.DUMMYFUNCTION("""COMPUTED_VALUE"""),"Z769880") -> Z769880 | BU37: =IFERROR(__xludf.DUMMYFUNCTION("""COMPUTED_VALUE"""),"Alex Johnson - Compass") -> Alex Johnson - Compass | BV37: =IFERROR(__xludf.DUMMYFUNCTION("""COMPUTED_VALUE"""),"Sold") -> Sold | BW37: =IFERROR(__xludf.DUMMYFUNCTION("""COMPUTED_VALUE"""),1.0) -> 1 | BX37: =IFERROR(__xludf.DUMMYFUNCTION("""COMPUTED_VALUE"""),"OK") -> OK | BY37: =IFERROR(__xludf.DUMMYFUNCTION("""COMPUTED_VALUE"""),"1600-2600") -> 1600-2600 | BZ37: =IFERROR(__xludf.DUMMYFUNCTION("""COMPUTED_VALUE"""),11.0) -> 11 | CA37: =IFERROR(__xludf.DUMMYFUNCTION("""COMPUTED_VALUE"""),"Mid") -> Mid
A38: 1073723 | B38: 5156 Maple Dr, San Diego, NY 70313 | C38: San Diego | D38: 70313 | E38: NY | F38: 6 bds | G38: 1 ba | H38: 1396 | I38: 7815 | J38: 1989 | K38: 88 | L38: Apartment | M38: Z163650 | N38: John Doe - RE/MAX | O38: For Sale | P38: =COUNTIF(Analysis!$M$1:$M$3001,Analysis!$M38) -> 1 | Q38: =IF(COUNTIF(Analysis!$M$2:$M$3001,Analysis!$M38)>1,"Duplicate","OK") -> OK | R38: =IFS( AND(H38>=600, H38<1600),"600-1600", AND(H38>=1600, H38<2600),"1600-2600", AND(H38>=2600, H38<3600),"2600-3600", H38>=3600,"3600+" ) -> 600-1600 | S38: =year(TODAY())-J38 -> 37 | T38: =ifs(AND(S38>=0,S38<=10),"New",AND(S38>10,S38<=30),"Mid",AND(S38>30,S38<=60),"Old",S38>60,"Very Old") -> Old | BH38: =IFERROR(__xludf.DUMMYFUNCTION("""COMPUTED_VALUE"""),324492.0) -> 324492 | BI38: =IFERROR(__xludf.DUMMYFUNCTION("""COMPUTED_VALUE"""),"841 Maple Dr, Fresno, FL 78532") -> 841 Maple Dr, Fresno, FL 78532 | BJ38: =IFERROR(__xludf.DUMMYFUNCTION("""COMPUTED_VALUE"""),"Fresno") -> Fresno | BK38: =IFERROR(__xludf.DUMMYFUNCTION("""COMPUTED_VALUE"""),78532.0) -> 78532 | BL38: =IFERROR(__xludf.DUMMYFUNCTION("""COMPUTED_VALUE"""),"FL") -> FL | BM38: =IFERROR(__xludf.DUMMYFUNCTION("""COMPUTED_VALUE"""),"2 bds") -> 2 bds | BN38: =IFERROR(__xludf.DUMMYFUNCTION("""COMPUTED_VALUE"""),"1 ba") -> 1 ba | BO38: =IFERROR(__xludf.DUMMYFUNCTION("""COMPUTED_VALUE"""),3618.0) -> 3618 | BP38: =IFERROR(__xludf.DUMMYFUNCTION("""COMPUTED_VALUE"""),4317.0) -> 4317 | BQ38: =IFERROR(__xludf.DUMMYFUNCTION("""COMPUTED_VALUE"""),1998.0) -> 1998 | BR38: =IFERROR(__xludf.DUMMYFUNCTION("""COMPUTED_VALUE"""),116.0) -> 116 | BS38: =IFERROR(__xludf.DUMMYFUNCTION("""COMPUTED_VALUE"""),"Apartment") -> Apartment | BT38: =IFERROR(__xludf.DUMMYFUNCTION("""COMPUTED_VALUE"""),"Z328126") -> Z328126 | BU38: =IFERROR(__xludf.DUMMYFUNCTION("""COMPUTED_VALUE"""),"Alex Johnson - Compass") -> Alex Johnson - Compass | BV38: =IFERROR(__xludf.DUMMYFUNCTION("""COMPUTED_VALUE"""),"Sold") -> Sold | BW38: =IFERROR(__xludf.DUMMYFUNCTION("""COMPUTED_VALUE"""),1.0) -> 1 | BX38: =IFERROR(__xludf.DUMMYFUNCTION("""COMPUTED_VALUE"""),"OK") -> OK | BY38: =IFERROR(__xludf.DUMMYFUNCTION("""COMPUTED_VALUE"""),"3600+") -> 3600+ | BZ38: =IFERROR(__xludf.DUMMYFUNCTION("""COMPUTED_VALUE"""),28.0) -> 28 | CA38: =IFERROR(__xludf.DUMMYFUNCTION("""COMPUTED_VALUE"""),"Mid") -> Mid
A39: 1353530 | B39: 9323 Maple Dr, Los Angeles, FL 59381 | C39: Los Angeles | D39: 59381 | E39: FL | F39: 2 bds | G39: 4 ba | H39: 3442 | I39: 3651 | J39: 1952 | K39: 108 | L39: Multi-Family | M39: Z669827 | N39: Alex Johnson - Compass | O39: Pending | P39: =COUNTIF(Analysis!$M$1:$M$3001,Analysis!$M39) -> 1 | Q39: =IF(COUNTIF(Analysis!$M$2:$M$3001,Analysis!$M39)>1,"Duplicate","OK") -> OK | R39: =IFS( AND(H39>=600, H39<1600),"600-1600", AND(H39>=1600, H39<2600),"1600-2600", AND(H39>=2600, H39<3600),"2600-3600", H39>=3600,"3600+" ) -> 2600-3600 | S39: =year(TODAY())-J39 -> 74 | T39: =ifs(AND(S39>=0,S39<=10),"New",AND(S39>10,S39<=30),"Mid",AND(S39>30,S39<=60),"Old",S39>60,"Very Old") -> Very Old | BH39: =IFERROR(__xludf.DUMMYFUNCTION("""COMPUTED_VALUE"""),1477628.0) -> 1477628 | BI39: =IFERROR(__xludf.DUMMYFUNCTION("""COMPUTED_VALUE"""),"8951 Pine Rd, Los Angeles, CA 79047") -> 8951 Pine Rd, Los Angeles, CA 79047 | BJ39: =IFERROR(__xludf.DUMMYFUNCTION("""COMPUTED_VALUE"""),"Los Angeles") -> Los Angeles | BK39: =IFERROR(__xludf.DUMMYFUNCTION("""COMPUTED_VALUE"""),79047.0) -> 79047 | BL39: =IFERROR(__xludf.DUMMYFUNCTION("""COMPUTED_VALUE"""),"CA") -> CA | BM39: =IFERROR(__xludf.DUMMYFUNCTION("""COMPUTED_VALUE"""),"1 bds") -> 1 bds | BN39: =IFERROR(__xludf.DUMMYFUNCTION("""COMPUTED_VALUE"""),"1 ba") -> 1 ba | BO39: =IFERROR(__xludf.DUMMYFUNCTION("""COMPUTED_VALUE"""),2062.0) -> 2062 | BP39: =IFERROR(__xludf.DUMMYFUNCTION("""COMPUTED_VALUE"""),4344.0) -> 4344 | BQ39: =IFERROR(__xludf.DUMMYFUNCTION("""COMPUTED_VALUE"""),1956.0) -> 1956 | BR39: =IFERROR(__xludf.DUMMYFUNCTION("""COMPUTED_VALUE"""),69.0) -> 69 | BS39: =IFERROR(__xludf.DUMMYFUNCTION("""COMPUTED_VALUE"""),"Single Family") -> Single Family | BT39: =IFERROR(__xludf.DUMMYFUNCTION("""COMPUTED_VALUE"""),"Z245330") -> Z245330 | BU39: =IFERROR(__xludf.DUMMYFUNCTION("""COMPUTED_VALUE"""),"Alex Johnson - Compass") -> Alex Johnson - Compass | BV39: =IFERROR(__xludf.DUMMYFUNCTION("""COMPUTED_VALUE"""),"Sold") -> Sold | BW39: =IFERROR(__xludf.DUMMYFUNCTION("""COMPUTED_VALUE"""),1.0) -> 1 | BX39: =IFERROR(__xludf.DUMMYFUNCTION("""COMPUTED_VALUE"""),"OK") -> OK | BY39: =IFERROR(__xludf.DUMMYFUNCTION("""COMPUTED_VALUE"""),"1600-2600") -> 1600-2600 | BZ39: =IFERROR(__xludf.DUMMYFUNCTION("""COMPUTED_VALUE"""),70.0) -> 70 | CA39: =IFERROR(__xludf.DUMMYFUNCTION("""COMPUTED_VALUE"""),"Very Old") -> Very Old
A40: 272592 | B40: 9346 Pine Rd, San Diego, CA 22610 | C40: San Diego | D40: 22610 | E40: CA | F40: 3 bds | G40: 3 ba | H40: 3641 | I40: 9671 | J40: 1988 | K40: 115 | L40: Townhouse | M40: Z730220 | N40: Mike Lee - Coldwell Banker | O40: For Sale | P40: =COUNTIF(Analysis!$M$1:$M$3001,Analysis!$M40) -> 1 | Q40: =IF(COUNTIF(Analysis!$M$2:$M$3001,Analysis!$M40)>1,"Duplicate","OK") -> OK | R40: =IFS( AND(H40>=600, H40<1600),"600-1600", AND(H40>=1600, H40<2600),"1600-2600", AND(H40>=2600, H40<3600),"2600-3600", H40>=3600,"3600+" ) -> 3600+ | S40: =year(TODAY())-J40 -> 38 | T40: =ifs(AND(S40>=0,S40<=10),"New",AND(S40>10,S40<=30),"Mid",AND(S40>30,S40<=60),"Old",S40>60,"Very Old") -> Old | BH40: =IFERROR(__xludf.DUMMYFUNCTION("""COMPUTED_VALUE"""),328074.0) -> 328074 | BI40: =IFERROR(__xludf.DUMMYFUNCTION("""COMPUTED_VALUE"""),"8482 Elm St, Fresno, CA 94175") -> 8482 Elm St, Fresno, CA 94175 | BJ40: =IFERROR(__xludf.DUMMYFUNCTION("""COMPUTED_VALUE"""),"Fresno") -> Fresno | BK40: =IFERROR(__xludf.DUMMYFUNCTION("""COMPUTED_VALUE"""),94175.0) -> 94175 | BL40: =IFERROR(__xludf.DUMMYFUNCTION("""COMPUTED_VALUE"""),"CA") -> CA | BM40: =IFERROR(__xludf.DUMMYFUNCTION("""COMPUTED_VALUE"""),"6 bds") -> 6 bds | BN40: =IFERROR(__xludf.DUMMYFUNCTION("""COMPUTED_VALUE"""),"2 ba") -> 2 ba | BO40: =IFERROR(__xludf.DUMMYFUNCTION("""COMPUTED_VALUE"""),1462.0) -> 1462 | BP40: =IFERROR(__xludf.DUMMYFUNCTION("""COMPUTED_VALUE"""),5688.0) -> 5688 | BQ40: =IFERROR(__xludf.DUMMYFUNCTION("""COMPUTED_VALUE"""),2009.0) -> 2009 | BR40: =IFERROR(__xludf.DUMMYFUNCTION("""COMPUTED_VALUE"""),110.0) -> 110 | BS40: =IFERROR(__xludf.DUMMYFUNCTION("""COMPUTED_VALUE"""),"Condo") -> Condo | BT40: =IFERROR(__xludf.DUMMYFUNCTION("""COMPUTED_VALUE"""),"Z193154") -> Z193154 | BU40: =IFERROR(__xludf.DUMMYFUNCTION("""COMPUTED_VALUE"""),"Alex Johnson - Compass") -> Alex Johnson - Compass | BV40: =IFERROR(__xludf.DUMMYFUNCTION("""COMPUTED_VALUE"""),"Sold") -> Sold | BW40: =IFERROR(__xludf.DUMMYFUNCTION("""COMPUTED_VALUE"""),1.0) -> 1 | BX40: =IFERROR(__xludf.DUMMYFUNCTION("""COMPUTED_VALUE"""),"OK") -> OK | BY40: =IFERROR(__xludf.DUMMYFUNCTION("""COMPUTED_VALUE"""),"600-1600") -> 600-1600 | BZ40: =IFERROR(__xludf.DUMMYFUNCTION("""COMPUTED_VALUE"""),17.0) -> 17 | CA40: =IFERROR(__xludf.DUMMYFUNCTION("""COMPUTED_VALUE"""),"Mid") -> Mid
A41: 1401287 | B41: 5261 Pine Rd, Los Angeles, NY 89328 | C41: Los Angeles | D41: 89328 | E41: NY | F41: 5 bds | G41: 4 ba | H41: 824 | I41: 5426 | J41: 2008 | K41: 64 | L41: Apartment | M41: Z599881 | N41: John Doe - RE/MAX | O41: For Sale | P41: =COUNTIF(Analysis!$M$1:$M$3001,Analysis!$M41) -> 1 | Q41: =IF(COUNTIF(Analysis!$M$2:$M$3001,Analysis!$M41)>1,"Duplicate","OK") -> OK | R41: =IFS( AND(H41>=600, H41<1600),"600-1600", AND(H41>=1600, H41<2600),"1600-2600", AND(H41>=2600, H41<3600),"2600-3600", H41>=3600,"3600+" ) -> 600-1600 | S41: =year(TODAY())-J41 -> 18 | T41: =ifs(AND(S41>=0,S41<=10),"New",AND(S41>10,S41<=30),"Mid",AND(S41>30,S41<=60),"Old",S41>60,"Very Old") -> Mid | BH41: =IFERROR(__xludf.DUMMYFUNCTION("""COMPUTED_VALUE"""),1236695.0) -> 1236695 | BI41: =IFERROR(__xludf.DUMMYFUNCTION("""COMPUTED_VALUE"""),"5572 Pine Rd, Sacramento, IL 84551") -> 5572 Pine Rd, Sacramento, IL 84551 | BJ41: =IFERROR(__xludf.DUMMYFUNCTION("""COMPUTED_VALUE"""),"Sacramento") -> Sacramento | BK41: =IFERROR(__xludf.DUMMYFUNCTION("""COMPUTED_VALUE"""),84551.0) -> 84551 | BL41: =IFERROR(__xludf.DUMMYFUNCTION("""COMPUTED_VALUE"""),"IL") -> IL | BM41: =IFERROR(__xludf.DUMMYFUNCTION("""COMPUTED_VALUE"""),"4 bds") -> 4 bds | BN41: =IFERROR(__xludf.DUMMYFUNCTION("""COMPUTED_VALUE"""),"4 ba") -> 4 ba | BO41: =IFERROR(__xludf.DUMMYFUNCTION("""COMPUTED_VALUE"""),2879.0) -> 2879 | BP41: =IFERROR(__xludf.DUMMYFUNCTION("""COMPUTED_VALUE"""),8525.0) -> 8525 | BQ41: =IFERROR(__xludf.DUMMYFUNCTION("""COMPUTED_VALUE"""),1999.0) -> 1999 | BR41: =IFERROR(__xludf.DUMMYFUNCTION("""COMPUTED_VALUE"""),30.0) -> 30 | BS41: =IFERROR(__xludf.DUMMYFUNCTION("""COMPUTED_VALUE"""),"Apartment") -> Apartment | BT41: =IFERROR(__xludf.DUMMYFUNCTION("""COMPUTED_VALUE"""),"Z959491") -> Z959491 | BU41: =IFERROR(__xludf.DUMMYFUNCTION("""COMPUTED_VALUE"""),"Alex Johnson - Compass") -> Alex Johnson - Compass | BV41: =IFERROR(__xludf.DUMMYFUNCTION("""COMPUTED_VALUE"""),"Sold") -> Sold | BW41: =IFERROR(__xludf.DUMMYFUNCTION("""COMPUTED_VALUE"""),1.0) -> 1 | BX41: =IFERROR(__xludf.DUMMYFUNCTION("""COMPUTED_VALUE"""),"OK") -> OK | BY41: =IFERROR(__xludf.DUMMYFUNCTION("""COMPUTED_VALUE"""),"2600-3600") -> 2600-3600 | BZ41: =IFERROR(__xludf.DUMMYFUNCTION("""COMPUTED_VALUE"""),27.0) -> 27 | CA41: =IFERROR(__xludf.DUMMYFUNCTION("""COMPUTED_VALUE"""),"Mid") -> Mid
A42: 255138 | B42: 9841 Main St, San Diego, FL 57088 | C42: San Diego | D42: 57088 | E42: FL | F42: 4 bds | G42: 4 ba | H42: 3704 | I42: 2027 | J42: 1960 | K42: 84 | L42: Condo | M42: Z483947 | N42: Jane Smith - Keller Williams | O42: For Sale | P42: =COUNTIF(Analysis!$M$1:$M$3001,Analysis!$M42) -> 1 | Q42: =IF(COUNTIF(Analysis!$M$2:$M$3001,Analysis!$M42)>1,"Duplicate","OK") -> OK | R42: =IFS( AND(H42>=600, H42<1600),"600-1600", AND(H42>=1600, H42<2600),"1600-2600", AND(H42>=2600, H42<3600),"2600-3600", H42>=3600,"3600+" ) -> 3600+ | S42: =year(TODAY())-J42 -> 66 | T42: =ifs(AND(S42>=0,S42<=10),"New",AND(S42>10,S42<=30),"Mid",AND(S42>30,S42<=60),"Old",S42>60,"Very Old") -> Very Old | BH42: =IFERROR(__xludf.DUMMYFUNCTION("""COMPUTED_VALUE"""),339864.0) -> 339864 | BI42: =IFERROR(__xludf.DUMMYFUNCTION("""COMPUTED_VALUE"""),"3637 Pine Rd, Fresno, FL 63885") -> 3637 Pine Rd, Fresno, FL 63885 | BJ42: =IFERROR(__xludf.DUMMYFUNCTION("""COMPUTED_VALUE"""),"Fresno") -> Fresno | BK42: =IFERROR(__xludf.DUMMYFUNCTION("""COMPUTED_VALUE"""),63885.0) -> 63885 | BL42: =IFERROR(__xludf.DUMMYFUNCTION("""COMPUTED_VALUE"""),"FL") -> FL | BM42: =IFERROR(__xludf.DUMMYFUNCTION("""COMPUTED_VALUE"""),"3 bds") -> 3 bds | BN42: =IFERROR(__xludf.DUMMYFUNCTION("""COMPUTED_VALUE"""),"1 ba") -> 1 ba | BO42: =IFERROR(__xludf.DUMMYFUNCTION("""COMPUTED_VALUE"""),3584.0) -> 3584 | BP42: =IFERROR(__xludf.DUMMYFUNCTION("""COMPUTED_VALUE"""),1287.0) -> 1287 | BQ42: =IFERROR(__xludf.DUMMYFUNCTION("""COMPUTED_VALUE"""),1968.0) -> 1968 | BR42: =IFERROR(__xludf.DUMMYFUNCTION("""COMPUTED_VALUE"""),109.0) -> 109 | BS42: =IFERROR(__xludf.DUMMYFUNCTION("""COMPUTED_VALUE"""),"Townhouse") -> Townhouse | BT42: =IFERROR(__xludf.DUMMYFUNCTION("""COMPUTED_VALUE"""),"Z187704") -> Z187704 | BU42: =IFERROR(__xludf.DUMMYFUNCTION("""COMPUTED_VALUE"""),"Alex Johnson - Compass") -> Alex Johnson - Compass | BV42: =IFERROR(__xludf.DUMMYFUNCTION("""COMPUTED_VALUE"""),"Sold") -> Sold | BW42: =IFERROR(__xludf.DUMMYFUNCTION("""COMPUTED_VALUE"""),1.0) -> 1 | BX42: =IFERROR(__xludf.DUMMYFUNCTION("""COMPUTED_VALUE"""),"OK") -> OK | BY42: =IFERROR(__xludf.DUMMYFUNCTION("""COMPUTED_VALUE"""),"2600-3600") -> 2600-3600 | BZ42: =IFERROR(__xludf.DUMMYFUNCTION("""COMPUTED_VALUE"""),58.0) -> 58 | CA42: =IFERROR(__xludf.DUMMYFUNCTION("""COMPUTED_VALUE"""),"Old") -> Old
A43: 235690 | B43: 5061 Main St, San Francisco, FL 35239 | C43: San Francisco | D43: 35239 | E43: FL | F43: 4 bds | G43: 2 ba | H43: 3150 | I43: 8121 | J43: 1968 | K43: 60 | L43: Townhouse | M43: Z136454 | N43: Alex Johnson - Compass | O43: For Sale | P43: =COUNTIF(Analysis!$M$1:$M$3001,Analysis!$M43) -> 1 | Q43: =IF(COUNTIF(Analysis!$M$2:$M$3001,Analysis!$M43)>1,"Duplicate","OK") -> OK | R43: =IFS( AND(H43>=600, H43<1600),"600-1600", AND(H43>=1600, H43<2600),"1600-2600", AND(H43>=2600, H43<3600),"2600-3600", H43>=3600,"3600+" ) -> 2600-3600 | S43: =year(TODAY())-J43 -> 58 | T43: =ifs(AND(S43>=0,S43<=10),"New",AND(S43>10,S43<=30),"Mid",AND(S43>30,S43<=60),"Old",S43>60,"Very Old") -> Old | BH43: =IFERROR(__xludf.DUMMYFUNCTION("""COMPUTED_VALUE"""),729055.0) -> 729055 | BI43: =IFERROR(__xludf.DUMMYFUNCTION("""COMPUTED_VALUE"""),"9918 Maple Dr, San Diego, FL 52635") -> 9918 Maple Dr, San Diego, FL 52635 | BJ43: =IFERROR(__xludf.DUMMYFUNCTION("""COMPUTED_VALUE"""),"San Diego") -> San Diego | BK43: =IFERROR(__xludf.DUMMYFUNCTION("""COMPUTED_VALUE"""),52635.0) -> 52635 | BL43: =IFERROR(__xludf.DUMMYFUNCTION("""COMPUTED_VALUE"""),"FL") -> FL | BM43: =IFERROR(__xludf.DUMMYFUNCTION("""COMPUTED_VALUE"""),"1 bds") -> 1 bds | BN43: =IFERROR(__xludf.DUMMYFUNCTION("""COMPUTED_VALUE"""),"4 ba") -> 4 ba | BO43: =IFERROR(__xludf.DUMMYFUNCTION("""COMPUTED_VALUE"""),3549.0) -> 3549 | BP43: =IFERROR(__xludf.DUMMYFUNCTION("""COMPUTED_VALUE"""),4792.0) -> 4792 | BQ43: =IFERROR(__xludf.DUMMYFUNCTION("""COMPUTED_VALUE"""),1973.0) -> 1973 | BR43: =IFERROR(__xludf.DUMMYFUNCTION("""COMPUTED_VALUE"""),43.0) -> 43 | BS43: =IFERROR(__xludf.DUMMYFUNCTION("""COMPUTED_VALUE"""),"Single Family") -> Single Family | BT43: =IFERROR(__xludf.DUMMYFUNCTION("""COMPUTED_VALUE"""),"Z357367") -> Z357367 | BU43: =IFERROR(__xludf.DUMMYFUNCTION("""COMPUTED_VALUE"""),"Alex Johnson - Compass") -> Alex Johnson - Compass | BV43: =IFERROR(__xludf.DUMMYFUNCTION("""COMPUTED_VALUE"""),"Sold") -> Sold | BW43: =IFERROR(__xludf.DUMMYFUNCTION("""COMPUTED_VALUE"""),1.0) -> 1 | BX43: =IFERROR(__xludf.DUMMYFUNCTION("""COMPUTED_VALUE"""),"OK") -> OK | BY43: =IFERROR(__xludf.DUMMYFUNCTION("""COMPUTED_VALUE"""),"2600-3600") -> 2600-3600 | BZ43: =IFERROR(__xludf.DUMMYFUNCTION("""COMPUTED_VALUE"""),53.0) -> 53 | CA43: =IFERROR(__xludf.DUMMYFUNCTION("""COMPUTED_VALUE"""),"Old") -> Old
A44: 1286157 | B44: 8009 Main St, San Diego, CA 66947 | C44: San Diego | D44: 66947 | E44: CA | F44: 2 bds | G44: 1 ba | H44: 1130 | I44: 9652 | J44: 2008 | K44: 15 | L44: Apartment | M44: Z337688 | N44: Emily Davis - Century 21 | O44: Pending | P44: =COUNTIF(Analysis!$M$1:$M$3001,Analysis!$M44) -> 1 | Q44: =IF(COUNTIF(Analysis!$M$2:$M$3001,Analysis!$M44)>1,"Duplicate","OK") -> OK | R44: =IFS( AND(H44>=600, H44<1600),"600-1600", AND(H44>=1600, H44<2600),"1600-2600", AND(H44>=2600, H44<3600),"2600-3600", H44>=3600,"3600+" ) -> 600-1600 | S44: =year(TODAY())-J44 -> 18 | T44: =ifs(AND(S44>=0,S44<=10),"New",AND(S44>10,S44<=30),"Mid",AND(S44>30,S44<=60),"Old",S44>60,"Very Old") -> Mid | BH44: =IFERROR(__xludf.DUMMYFUNCTION("""COMPUTED_VALUE"""),361658.0) -> 361658 | BI44: =IFERROR(__xludf.DUMMYFUNCTION("""COMPUTED_VALUE"""),"1158 Oak Ave, Fresno, IL 96198") -> 1158 Oak Ave, Fresno, IL 96198 | BJ44: =IFERROR(__xludf.DUMMYFUNCTION("""COMPUTED_VALUE"""),"Fresno") -> Fresno | BK44: =IFERROR(__xludf.DUMMYFUNCTION("""COMPUTED_VALUE"""),96198.0) -> 96198 | BL44: =IFERROR(__xludf.DUMMYFUNCTION("""COMPUTED_VALUE"""),"IL") -> IL | BM44: =IFERROR(__xludf.DUMMYFUNCTION("""COMPUTED_VALUE"""),"3 bds") -> 3 bds | BN44: =IFERROR(__xludf.DUMMYFUNCTION("""COMPUTED_VALUE"""),"3 ba") -> 3 ba | BO44: =IFERROR(__xludf.DUMMYFUNCTION("""COMPUTED_VALUE"""),2701.0) -> 2701 | BP44: =IFERROR(__xludf.DUMMYFUNCTION("""COMPUTED_VALUE"""),7568.0) -> 7568 | BQ44: =IFERROR(__xludf.DUMMYFUNCTION("""COMPUTED_VALUE"""),1986.0) -> 1986 | BR44: =IFERROR(__xludf.DUMMYFUNCTION("""COMPUTED_VALUE"""),11.0) -> 11 | BS44: =IFERROR(__xludf.DUMMYFUNCTION("""COMPUTED_VALUE"""),"Condo") -> Condo | BT44: =IFERROR(__xludf.DUMMYFUNCTION("""COMPUTED_VALUE"""),"Z493298") -> Z493298 | BU44: =IFERROR(__xludf.DUMMYFUNCTION("""COMPUTED_VALUE"""),"Alex Johnson - Compass") -> Alex Johnson - Compass | BV44: =IFERROR(__xludf.DUMMYFUNCTION("""COMPUTED_VALUE"""),"Sold") -> Sold | BW44: =IFERROR(__xludf.DUMMYFUNCTION("""COMPUTED_VALUE"""),1.0) -> 1 | BX44: =IFERROR(__xludf.DUMMYFUNCTION("""COMPUTED_VALUE"""),"OK") -> OK | BY44: =IFERROR(__xludf.DUMMYFUNCTION("""COMPUTED_VALUE"""),"2600-3600") -> 2600-3600 | BZ44: =IFERROR(__xludf.DUMMYFUNCTION("""COMPUTED_VALUE"""),40.0) -> 40 | CA44: =IFERROR(__xludf.DUMMYFUNCTION("""COMPUTED_VALUE"""),"Old") -> Old
A45: 1197675 | B45: 9066 Pine Rd, Sacramento, CA 70379 | C45: Sacramento | D45: 70379 | E45: CA | F45: 4 bds | G45: 1 ba | H45: 2418 | I45: 4843 | J45: 1978 | K45: 103 | L45: Apartment | M45: Z830009 | N45: Jane Smith - Keller Williams | O45: For Sale | P45: =COUNTIF(Analysis!$M$1:$M$3001,Analysis!$M45) -> 1 | Q45: =IF(COUNTIF(Analysis!$M$2:$M$3001,Analysis!$M45)>1,"Duplicate","OK") -> OK | R45: =IFS( AND(H45>=600, H45<1600),"600-1600", AND(H45>=1600, H45<2600),"1600-2600", AND(H45>=2600, H45<3600),"2600-3600", H45>=3600,"3600+" ) -> 1600-2600 | S45: =year(TODAY())-J45 -> 48 | T45: =ifs(AND(S45>=0,S45<=10),"New",AND(S45>10,S45<=30),"Mid",AND(S45>30,S45<=60),"Old",S45>60,"Very Old") -> Old | BH45: =IFERROR(__xludf.DUMMYFUNCTION("""COMPUTED_VALUE"""),263351.0) -> 263351 | BI45: =IFERROR(__xludf.DUMMYFUNCTION("""COMPUTED_VALUE"""),"1919 Main St, Los Angeles, FL 50766") -> 1919 Main St, Los Angeles, FL 50766 | BJ45: =IFERROR(__xludf.DUMMYFUNCTION("""COMPUTED_VALUE"""),"Los Angeles") -> Los Angeles | BK45: =IFERROR(__xludf.DUMMYFUNCTION("""COMPUTED_VALUE"""),50766.0) -> 50766 | BL45: =IFERROR(__xludf.DUMMYFUNCTION("""COMPUTED_VALUE"""),"FL") -> FL | BM45: =IFERROR(__xludf.DUMMYFUNCTION("""COMPUTED_VALUE"""),"2 bds") -> 2 bds | BN45: =IFERROR(__xludf.DUMMYFUNCTION("""COMPUTED_VALUE"""),"4 ba") -> 4 ba | BO45: =IFERROR(__xludf.DUMMYFUNCTION("""COMPUTED_VALUE"""),1746.0) -> 1746 | BP45: =IFERROR(__xludf.DUMMYFUNCTION("""COMPUTED_VALUE"""),9811.0) -> 9811 | BQ45: =IFERROR(__xludf.DUMMYFUNCTION("""COMPUTED_VALUE"""),2013.0) -> 2013 | BR45: =IFERROR(__xludf.DUMMYFUNCTION("""COMPUTED_VALUE"""),97.0) -> 97 | BS45: =IFERROR(__xludf.DUMMYFUNCTION("""COMPUTED_VALUE"""),"Multi-Family") -> Multi-Family | BT45: =IFERROR(__xludf.DUMMYFUNCTION("""COMPUTED_VALUE"""),"Z815149") -> Z815149 | BU45: =IFERROR(__xludf.DUMMYFUNCTION("""COMPUTED_VALUE"""),"Alex Johnson - Compass") -> Alex Johnson - Compass | BV45: =IFERROR(__xludf.DUMMYFUNCTION("""COMPUTED_VALUE"""),"Sold") -> Sold | BW45: =IFERROR(__xludf.DUMMYFUNCTION("""COMPUTED_VALUE"""),1.0) -> 1 | BX45: =IFERROR(__xludf.DUMMYFUNCTION("""COMPUTED_VALUE"""),"OK") -> OK | BY45: =IFERROR(__xludf.DUMMYFUNCTION("""COMPUTED_VALUE"""),"1600-2600") -> 1600-2600 | BZ45: =IFERROR(__xludf.DUMMYFUNCTION("""COMPUTED_VALUE"""),13.0) -> 13 | CA45: =IFERROR(__xludf.DUMMYFUNCTION("""COMPUTED_VALUE"""),"Mid") -> Mid
A46: 130113 | B46: 2635 Main St, San Diego, IL 37297 | C46: San Diego | D46: 37297 | E46: IL | F46: 6 bds | G46: 1 ba | H46: 641 | I46: 6571 | J46: 1998 | K46: 23 | L46: Multi-Family | M46: Z946321 | N46: John Doe - RE/MAX | O46: Pending | P46: =COUNTIF(Analysis!$M$1:$M$3001,Analysis!$M46) -> 1 | Q46: =IF(COUNTIF(Analysis!$M$2:$M$3001,Analysis!$M46)>1,"Duplicate","OK") -> OK | R46: =IFS( AND(H46>=600, H46<1600),"600-1600", AND(H46>=1600, H46<2600),"1600-2600", AND(H46>=2600, H46<3600),"2600-3600", H46>=3600,"3600+" ) -> 600-1600 | S46: =year(TODAY())-J46 -> 28 | T46: =ifs(AND(S46>=0,S46<=10),"New",AND(S46>10,S46<=30),"Mid",AND(S46>30,S46<=60),"Old",S46>60,"Very Old") -> Mid | BH46: =IFERROR(__xludf.DUMMYFUNCTION("""COMPUTED_VALUE"""),286416.0) -> 286416 | BI46: =IFERROR(__xludf.DUMMYFUNCTION("""COMPUTED_VALUE"""),"3899 Oak Ave, Los Angeles, NY 99183") -> 3899 Oak Ave, Los Angeles, NY 99183 | BJ46: =IFERROR(__xludf.DUMMYFUNCTION("""COMPUTED_VALUE"""),"Los Angeles") -> Los Angeles | BK46: =IFERROR(__xludf.DUMMYFUNCTION("""COMPUTED_VALUE"""),99183.0) -> 99183 | BL46: =IFERROR(__xludf.DUMMYFUNCTION("""COMPUTED_VALUE"""),"NY") -> NY | BM46: =IFERROR(__xludf.DUMMYFUNCTION("""COMPUTED_VALUE"""),"4 bds") -> 4 bds | BN46: =IFERROR(__xludf.DUMMYFUNCTION("""COMPUTED_VALUE"""),"4 ba") -> 4 ba | BO46: =IFERROR(__xludf.DUMMYFUNCTION("""COMPUTED_VALUE"""),2294.0) -> 2294 | BP46: =IFERROR(__xludf.DUMMYFUNCTION("""COMPUTED_VALUE"""),5246.0) -> 5246 | BQ46: =IFERROR(__xludf.DUMMYFUNCTION("""COMPUTED_VALUE"""),2015.0) -> 2015 | BR46: =IFERROR(__xludf.DUMMYFUNCTION("""COMPUTED_VALUE"""),116.0) -> 116 | BS46: =IFERROR(__xludf.DUMMYFUNCTION("""COMPUTED_VALUE"""),"Condo") -> Condo | BT46: =IFERROR(__xludf.DUMMYFUNCTION("""COMPUTED_VALUE"""),"Z591666") -> Z591666 | BU46: =IFERROR(__xludf.DUMMYFUNCTION("""COMPUTED_VALUE"""),"Alex Johnson - Compass") -> Alex Johnson - Compass | BV46: =IFERROR(__xludf.DUMMYFUNCTION("""COMPUTED_VALUE"""),"Sold") -> Sold | BW46: =IFERROR(__xludf.DUMMYFUNCTION("""COMPUTED_VALUE"""),1.0) -> 1 | BX46: =IFERROR(__xludf.DUMMYFUNCTION("""COMPUTED_VALUE"""),"OK") -> OK | BY46: =IFERROR(__xludf.DUMMYFUNCTION("""COMPUTED_VALUE"""),"1600-2600") -> 1600-2600 | BZ46: =IFERROR(__xludf.DUMMYFUNCTION("""COMPUTED_VALUE"""),11.0) -> 11 | CA46: =IFERROR(__xludf.DUMMYFUNCTION("""COMPUTED_VALUE"""),"Mid") -> Mid
A47: 327247 | B47: 9343 Main St, San Francisco, FL 71862 | C47: San Francisco | D47: 71862 | E47: FL | F47: 6 bds | G47: 4 ba | H47: 692 | I47: 8938 | J47: 1996 | K47: 90 | L47: Condo | M47: Z966437 | N47: Alex Johnson - Compass | O47: Pending | P47: =COUNTIF(Analysis!$M$1:$M$3001,Analysis!$M47) -> 1 | Q47: =IF(COUNTIF(Analysis!$M$2:$M$3001,Analysis!$M47)>1,"Duplicate","OK") -> OK | R47: =IFS( AND(H47>=600, H47<1600),"600-1600", AND(H47>=1600, H47<2600),"1600-2600", AND(H47>=2600, H47<3600),"2600-3600", H47>=3600,"3600+" ) -> 600-1600 | S47: =year(TODAY())-J47 -> 30 | T47: =ifs(AND(S47>=0,S47<=10),"New",AND(S47>10,S47<=30),"Mid",AND(S47>30,S47<=60),"Old",S47>60,"Very Old") -> Mid | BH47: =IFERROR(__xludf.DUMMYFUNCTION("""COMPUTED_VALUE"""),230146.0) -> 230146 | BI47: =IFERROR(__xludf.DUMMYFUNCTION("""COMPUTED_VALUE"""),"3011 Oak Ave, San Francisco, TX 47810") -> 3011 Oak Ave, San Francisco, TX 47810 | BJ47: =IFERROR(__xludf.DUMMYFUNCTION("""COMPUTED_VALUE"""),"San Francisco") -> San Francisco | BK47: =IFERROR(__xludf.DUMMYFUNCTION("""COMPUTED_VALUE"""),47810.0) -> 47810 | BL47: =IFERROR(__xludf.DUMMYFUNCTION("""COMPUTED_VALUE"""),"TX") -> TX | BM47: =IFERROR(__xludf.DUMMYFUNCTION("""COMPUTED_VALUE"""),"4 bds") -> 4 bds | BN47: =IFERROR(__xludf.DUMMYFUNCTION("""COMPUTED_VALUE"""),"4 ba") -> 4 ba | BO47: =IFERROR(__xludf.DUMMYFUNCTION("""COMPUTED_VALUE"""),794.0) -> 794 | BP47: =IFERROR(__xludf.DUMMYFUNCTION("""COMPUTED_VALUE"""),1927.0) -> 1927 | BQ47: =IFERROR(__xludf.DUMMYFUNCTION("""COMPUTED_VALUE"""),2002.0) -> 2002 | BR47: =IFERROR(__xludf.DUMMYFUNCTION("""COMPUTED_VALUE"""),110.0) -> 110 | BS47: =IFERROR(__xludf.DUMMYFUNCTION("""COMPUTED_VALUE"""),"Apartment") -> Apartment | BT47: =IFERROR(__xludf.DUMMYFUNCTION("""COMPUTED_VALUE"""),"Z772371") -> Z772371 | BU47: =IFERROR(__xludf.DUMMYFUNCTION("""COMPUTED_VALUE"""),"Alex Johnson - Compass") -> Alex Johnson - Compass | BV47: =IFERROR(__xludf.DUMMYFUNCTION("""COMPUTED_VALUE"""),"Sold") -> Sold | BW47: =IFERROR(__xludf.DUMMYFUNCTION("""COMPUTED_VALUE"""),1.0) -> 1 | BX47: =IFERROR(__xludf.DUMMYFUNCTION("""COMPUTED_VALUE"""),"OK") -> OK | BY47: =IFERROR(__xludf.DUMMYFUNCTION("""COMPUTED_VALUE"""),"600-1600") -> 600-1600 | BZ47: =IFERROR(__xludf.DUMMYFUNCTION("""COMPUTED_VALUE"""),24.0) -> 24 | CA47: =IFERROR(__xludf.DUMMYFUNCTION("""COMPUTED_VALUE"""),"Mid") -> Mid
A48: 1253172 | B48: 3200 Maple Dr, Sacramento, NY 54468 | C48: Sacramento | D48: 54468 | E48: NY | F48: 2 bds | G48: 2 ba | H48: 1718 | I48: 4766 | J48: 1993 | K48: 95 | L48: Townhouse | M48: Z939241 | N48: Mike Lee - Coldwell Banker | O48: For Sale | P48: =COUNTIF(Analysis!$M$1:$M$3001,Analysis!$M48) -> 1 | Q48: =IF(COUNTIF(Analysis!$M$2:$M$3001,Analysis!$M48)>1,"Duplicate","OK") -> OK | R48: =IFS( AND(H48>=600, H48<1600),"600-1600", AND(H48>=1600, H48<2600),"1600-2600", AND(H48>=2600, H48<3600),"2600-3600", H48>=3600,"3600+" ) -> 1600-2600 | S48: =year(TODAY())-J48 -> 33 | T48: =ifs(AND(S48>=0,S48<=10),"New",AND(S48>10,S48<=30),"Mid",AND(S48>30,S48<=60),"Old",S48>60,"Very Old") -> Old | BH48: =IFERROR(__xludf.DUMMYFUNCTION("""COMPUTED_VALUE"""),930934.0) -> 930934 | BI48: =IFERROR(__xludf.DUMMYFUNCTION("""COMPUTED_VALUE"""),"3672 Maple Dr, San Francisco, IL 88302") -> 3672 Maple Dr, San Francisco, IL 88302 | BJ48: =IFERROR(__xludf.DUMMYFUNCTION("""COMPUTED_VALUE"""),"San Francisco") -> San Francisco | BK48: =IFERROR(__xludf.DUMMYFUNCTION("""COMPUTED_VALUE"""),88302.0) -> 88302 | BL48: =IFERROR(__xludf.DUMMYFUNCTION("""COMPUTED_VALUE"""),"IL") -> IL | BM48: =IFERROR(__xludf.DUMMYFUNCTION("""COMPUTED_VALUE"""),"1 bds") -> 1 bds | BN48: =IFERROR(__xludf.DUMMYFUNCTION("""COMPUTED_VALUE"""),"1 ba") -> 1 ba | BO48: =IFERROR(__xludf.DUMMYFUNCTION("""COMPUTED_VALUE"""),3219.0) -> 3219 | BP48: =IFERROR(__xludf.DUMMYFUNCTION("""COMPUTED_VALUE"""),8079.0) -> 8079 | BQ48: =IFERROR(__xludf.DUMMYFUNCTION("""COMPUTED_VALUE"""),1966.0) -> 1966 | BR48: =IFERROR(__xludf.DUMMYFUNCTION("""COMPUTED_VALUE"""),70.0) -> 70 | BS48: =IFERROR(__xludf.DUMMYFUNCTION("""COMPUTED_VALUE"""),"Single Family") -> Single Family | BT48: =IFERROR(__xludf.DUMMYFUNCTION("""COMPUTED_VALUE"""),"Z339811") -> Z339811 | BU48: =IFERROR(__xludf.DUMMYFUNCTION("""COMPUTED_VALUE"""),"Alex Johnson - Compass") -> Alex Johnson - Compass | BV48: =IFERROR(__xludf.DUMMYFUNCTION("""COMPUTED_VALUE"""),"Sold") -> Sold | BW48: =IFERROR(__xludf.DUMMYFUNCTION("""COMPUTED_VALUE"""),1.0) -> 1 | BX48: =IFERROR(__xludf.DUMMYFUNCTION("""COMPUTED_VALUE"""),"OK") -> OK | BY48: =IFERROR(__xludf.DUMMYFUNCTION("""COMPUTED_VALUE"""),"2600-3600") -> 2600-3600 | BZ48: =IFERROR(__xludf.DUMMYFUNCTION("""COMPUTED_VALUE"""),60.0) -> 60 | CA48: =IFERROR(__xludf.DUMMYFUNCTION("""COMPUTED_VALUE"""),"Old") -> Old
A49: 947261 | B49: 9129 Elm St, San Diego, CA 40064 | C49: San Diego | D49: 40064 | E49: CA | F49: 3 bds | G49: 1 ba | H49: 1515 | I49: 1817 | J49: 2013 | K49: 3 | L49: Condo | M49: Z390811 | N49: Mike Lee - Coldwell Banker | O49: Sold | P49: =COUNTIF(Analysis!$M$1:$M$3001,Analysis!$M49) -> 1 | Q49: =IF(COUNTIF(Analysis!$M$2:$M$3001,Analysis!$M49)>1,"Duplicate","OK") -> OK | R49: =IFS( AND(H49>=600, H49<1600),"600-1600", AND(H49>=1600, H49<2600),"1600-2600", AND(H49>=2600, H49<3600),"2600-3600", H49>=3600,"3600+" ) -> 600-1600 | S49: =year(TODAY())-J49 -> 13 | T49: =ifs(AND(S49>=0,S49<=10),"New",AND(S49>10,S49<=30),"Mid",AND(S49>30,S49<=60),"Old",S49>60,"Very Old") -> Mid | BH49: =IFERROR(__xludf.DUMMYFUNCTION("""COMPUTED_VALUE"""),380565.0) -> 380565 | BI49: =IFERROR(__xludf.DUMMYFUNCTION("""COMPUTED_VALUE"""),"969 Maple Dr, San Diego, NY 80154") -> 969 Maple Dr, San Diego, NY 80154 | BJ49: =IFERROR(__xludf.DUMMYFUNCTION("""COMPUTED_VALUE"""),"San Diego") -> San Diego | BK49: =IFERROR(__xludf.DUMMYFUNCTION("""COMPUTED_VALUE"""),80154.0) -> 80154 | BL49: =IFERROR(__xludf.DUMMYFUNCTION("""COMPUTED_VALUE"""),"NY") -> NY | BM49: =IFERROR(__xludf.DUMMYFUNCTION("""COMPUTED_VALUE"""),"4 bds") -> 4 bds | BN49: =IFERROR(__xludf.DUMMYFUNCTION("""COMPUTED_VALUE"""),"3 ba") -> 3 ba | BO49: =IFERROR(__xludf.DUMMYFUNCTION("""COMPUTED_VALUE"""),3509.0) -> 3509 | BP49: =IFERROR(__xludf.DUMMYFUNCTION("""COMPUTED_VALUE"""),5120.0) -> 5120 | BQ49: =IFERROR(__xludf.DUMMYFUNCTION("""COMPUTED_VALUE"""),2017.0) -> 2017 | BR49: =IFERROR(__xludf.DUMMYFUNCTION("""COMPUTED_VALUE"""),71.0) -> 71 | BS49: =IFERROR(__xludf.DUMMYFUNCTION("""COMPUTED_VALUE"""),"Single Family") -> Single Family | BT49: =IFERROR(__xludf.DUMMYFUNCTION("""COMPUTED_VALUE"""),"Z578726") -> Z578726 | BU49: =IFERROR(__xludf.DUMMYFUNCTION("""COMPUTED_VALUE"""),"Alex Johnson - Compass") -> Alex Johnson - Compass | BV49: =IFERROR(__xludf.DUMMYFUNCTION("""COMPUTED_VALUE"""),"Sold") -> Sold | BW49: =IFERROR(__xludf.DUMMYFUNCTION("""COMPUTED_VALUE"""),1.0) -> 1 | BX49: =IFERROR(__xludf.DUMMYFUNCTION("""COMPUTED_VALUE"""),"OK") -> OK | BY49: =IFERROR(__xludf.DUMMYFUNCTION("""COMPUTED_VALUE"""),"2600-3600") -> 2600-3600 | BZ49: =IFERROR(__xludf.DUMMYFUNCTION("""COMPUTED_VALUE"""),9.0) -> 9 | CA49: =IFERROR(__xludf.DUMMYFUNCTION("""COMPUTED_VALUE"""),"New") -> New
A50: 928085 | B50: 1644 Oak Ave, Sacramento, FL 54502 | C50: Sacramento | D50: 54502 | E50: FL | F50: 2 bds | G50: 3 ba | H50: 3201 | I50: 6981 | J50: 2014 | K50: 63 | L50: Multi-Family | M50: Z300717 | N50: Mike Lee - Coldwell Banker | O50: Pending | P50: =COUNTIF(Analysis!$M$1:$M$3001,Analysis!$M50) -> 1 | Q50: =IF(COUNTIF(Analysis!$M$2:$M$3001,Analysis!$M50)>1,"Duplicate","OK") -> OK | R50: =IFS( AND(H50>=600, H50<1600),"600-1600", AND(H50>=1600, H50<2600),"1600-2600", AND(H50>=2600, H50<3600),"2600-3600", H50>=3600,"3600+" ) -> 2600-3600 | S50: =year(TODAY())-J50 -> 12 | T50: =ifs(AND(S50>=0,S50<=10),"New",AND(S50>10,S50<=30),"Mid",AND(S50>30,S50<=60),"Old",S50>60,"Very Old") -> Mid | BH50: =IFERROR(__xludf.DUMMYFUNCTION("""COMPUTED_VALUE"""),1040215.0) -> 1040215 | BI50: =IFERROR(__xludf.DUMMYFUNCTION("""COMPUTED_VALUE"""),"3118 Maple Dr, Los Angeles, FL 55444") -> 3118 Maple Dr, Los Angeles, FL 55444 | BJ50: =IFERROR(__xludf.DUMMYFUNCTION("""COMPUTED_VALUE"""),"Los Angeles") -> Los Angeles | BK50: =IFERROR(__xludf.DUMMYFUNCTION("""COMPUTED_VALUE"""),55444.0) -> 55444 | BL50: =IFERROR(__xludf.DUMMYFUNCTION("""COMPUTED_VALUE"""),"FL") -> FL | BM50: =IFERROR(__xludf.DUMMYFUNCTION("""COMPUTED_VALUE"""),"5 bds") -> 5 bds | BN50: =IFERROR(__xludf.DUMMYFUNCTION("""COMPUTED_VALUE"""),"4 ba") -> 4 ba | BO50: =IFERROR(__xludf.DUMMYFUNCTION("""COMPUTED_VALUE"""),2130.0) -> 2130 | BP50: =IFERROR(__xludf.DUMMYFUNCTION("""COMPUTED_VALUE"""),6097.0) -> 6097 | BQ50: =IFERROR(__xludf.DUMMYFUNCTION("""COMPUTED_VALUE"""),2008.0) -> 2008 | BR50: =IFERROR(__xludf.DUMMYFUNCTION("""COMPUTED_VALUE"""),43.0) -> 43 | BS50: =IFERROR(__xludf.DUMMYFUNCTION("""COMPUTED_VALUE"""),"Apartment") -> Apartment | BT50: =IFERROR(__xludf.DUMMYFUNCTION("""COMPUTED_VALUE"""),"Z688333") -> Z688333 | BU50: =IFERROR(__xludf.DUMMYFUNCTION("""COMPUTED_VALUE"""),"Alex Johnson - Compass") -> Alex Johnson - Compass | BV50: =IFERROR(__xludf.DUMMYFUNCTION("""COMPUTED_VALUE"""),"Sold") -> Sold | BW50: =IFERROR(__xludf.DUMMYFUNCTION("""COMPUTED_VALUE"""),1.0) -> 1 | BX50: =IFERROR(__xludf.DUMMYFUNCTION("""COMPUTED_VALUE"""),"OK") -> OK | BY50: =IFERROR(__xludf.DUMMYFUNCTION("""COMPUTED_VALUE"""),"1600-2600") -> 1600-2600 | BZ50: =IFERROR(__xludf.DUMMYFUNCTION("""COMPUTED_VALUE"""),18.0) -> 18 | CA50: =IFERROR(__xludf.DUMMYFUNCTION("""COMPUTED_VALUE"""),"Mid") -> Mid
A51: 108787 | B51: 8638 Elm St, Fresno, NY 67573 | C51: Fresno | D51: 67573 | E51: NY | F51: 4 bds | G51: 1 ba | H51: 3249 | I51: 4366 | J51: 1954 | K51: 10 | L51: Apartment | M51: Z801993 | N51: Emily Davis - Century 21 | O51: For Sale | P51: =COUNTIF(Analysis!$M$1:$M$3001,Analysis!$M793) -> 1 | Q51: =IF(COUNTIF(Analysis!$M$2:$M$3001,Analysis!$M793)>1,"Duplicate","OK") -> OK | R51: =IFS( AND(H51>=600, H51<1600),"600-1600", AND(H51>=1600, H51<2600),"1600-2600", AND(H51>=2600, H51<3600),"2600-3600", H51>=3600,"3600+" ) -> 2600-3600 | S51: =year(TODAY())-J51 -> 72 | T51: =ifs(AND(S51>=0,S51<=10),"New",AND(S51>10,S51<=30),"Mid",AND(S51>30,S51<=60),"Old",S51>60,"Very Old") -> Very Old | BH51: =IFERROR(__xludf.DUMMYFUNCTION("""COMPUTED_VALUE"""),984633.0) -> 984633 | BI51: =IFERROR(__xludf.DUMMYFUNCTION("""COMPUTED_VALUE"""),"3266 Maple Dr, Los Angeles, CA 27317") -> 3266 Maple Dr, Los Angeles, CA 27317 | BJ51: =IFERROR(__xludf.DUMMYFUNCTION("""COMPUTED_VALUE"""),"Los Angeles") -> Los Angeles | BK51: =IFERROR(__xludf.DUMMYFUNCTION("""COMPUTED_VALUE"""),27317.0) -> 27317 | BL51: =IFERROR(__xludf.DUMMYFUNCTION("""COMPUTED_VALUE"""),"CA") -> CA | BM51: =IFERROR(__xludf.DUMMYFUNCTION("""COMPUTED_VALUE"""),"2 bds") -> 2 bds | BN51: =IFERROR(__xludf.DUMMYFUNCTION("""COMPUTED_VALUE"""),"1 ba") -> 1 ba | BO51: =IFERROR(__xludf.DUMMYFUNCTION("""COMPUTED_VALUE"""),1014.0) -> 1014 | BP51: =IFERROR(__xludf.DUMMYFUNCTION("""COMPUTED_VALUE"""),1919.0) -> 1919 | BQ51: =IFERROR(__xludf.DUMMYFUNCTION("""COMPUTED_VALUE"""),1989.0) -> 1989 | BR51: =IFERROR(__xludf.DUMMYFUNCTION("""COMPUTED_VALUE"""),105.0) -> 105 | BS51: =IFERROR(__xludf.DUMMYFUNCTION("""COMPUTED_VALUE"""),"Single Family") -> Single Family | BT51: =IFERROR(__xludf.DUMMYFUNCTION("""COMPUTED_VALUE"""),"Z720462") -> Z720462 | BU51: =IFERROR(__xludf.DUMMYFUNCTION("""COMPUTED_VALUE"""),"Alex Johnson - Compass") -> Alex Johnson - Compass | BV51: =IFERROR(__xludf.DUMMYFUNCTION("""COMPUTED_VALUE"""),"Sold") -> Sold | BW51: =IFERROR(__xludf.DUMMYFUNCTION("""COMPUTED_VALUE"""),1.0) -> 1 | BX51: =IFERROR(__xludf.DUMMYFUNCTION("""COMPUTED_VALUE"""),"OK") -> OK | BY51: =IFERROR(__xludf.DUMMYFUNCTION("""COMPUTED_VALUE"""),"600-1600") -> 600-1600 | BZ51: =IFERROR(__xludf.DUMMYFUNCTION("""COMPUTED_VALUE"""),37.0) -> 37 | CA51: =IFERROR(__xludf.DUMMYFUNCTION("""COMPUTED_VALUE"""),"Old") -> Old
A52: 704012 | B52: 9681 Maple Dr, San Francisco, TX 39228 | C52: San Francisco | D52: 39228 | E52: TX | F52: 2 bds | G52: 2 ba | H52: 2192 | I52: 2491 | J52: 2022 | K52: 82 | L52: Multi-Family | M52: Z133221 | N52: Alex Johnson - Compass | O52: For Sale | P52: =COUNTIF(Analysis!$M$1:$M$3001,Analysis!$M52) -> 1 | Q52: =IF(COUNTIF(Analysis!$M$2:$M$3001,Analysis!$M52)>1,"Duplicate","OK") -> OK | R52: =IFS( AND(H52>=600, H52<1600),"600-1600", AND(H52>=1600, H52<2600),"1600-2600", AND(H52>=2600, H52<3600),"2600-3600", H52>=3600,"3600+" ) -> 1600-2600 | S52: =year(TODAY())-J52 -> 4 | T52: =ifs(AND(S52>=0,S52<=10),"New",AND(S52>10,S52<=30),"Mid",AND(S52>30,S52<=60),"Old",S52>60,"Very Old") -> New | BH52: =IFERROR(__xludf.DUMMYFUNCTION("""COMPUTED_VALUE"""),1442863.0) -> 1442863 | BI52: =IFERROR(__xludf.DUMMYFUNCTION("""COMPUTED_VALUE"""),"6087 Elm St, Los Angeles, CA 90177") -> 6087 Elm St, Los Angeles, CA 90177 | BJ52: =IFERROR(__xludf.DUMMYFUNCTION("""COMPUTED_VALUE"""),"Los Angeles") -> Los Angeles | BK52: =IFERROR(__xludf.DUMMYFUNCTION("""COMPUTED_VALUE"""),90177.0) -> 90177 | BL52: =IFERROR(__xludf.DUMMYFUNCTION("""COMPUTED_VALUE"""),"CA") -> CA | BM52: =IFERROR(__xludf.DUMMYFUNCTION("""COMPUTED_VALUE"""),"4 bds") -> 4 bds | BN52: =IFERROR(__xludf.DUMMYFUNCTION("""COMPUTED_VALUE"""),"2 ba") -> 2 ba | BO52: =IFERROR(__xludf.DUMMYFUNCTION("""COMPUTED_VALUE"""),2278.0) -> 2278 | BP52: =IFERROR(__xludf.DUMMYFUNCTION("""COMPUTED_VALUE"""),8180.0) -> 8180 | BQ52: =IFERROR(__xludf.DUMMYFUNCTION("""COMPUTED_VALUE"""),1966.0) -> 1966 | BR52: =IFERROR(__xludf.DUMMYFUNCTION("""COMPUTED_VALUE"""),103.0) -> 103 | BS52: =IFERROR(__xludf.DUMMYFUNCTION("""COMPUTED_VALUE"""),"Apartment") -> Apartment | BT52: =IFERROR(__xludf.DUMMYFUNCTION("""COMPUTED_VALUE"""),"Z474980") -> Z474980 | BU52: =IFERROR(__xludf.DUMMYFUNCTION("""COMPUTED_VALUE"""),"Alex Johnson - Compass") -> Alex Johnson - Compass | BV52: =IFERROR(__xludf.DUMMYFUNCTION("""COMPUTED_VALUE"""),"Sold") -> Sold | BW52: =IFERROR(__xludf.DUMMYFUNCTION("""COMPUTED_VALUE"""),1.0) -> 1 | BX52: =IFERROR(__xludf.DUMMYFUNCTION("""COMPUTED_VALUE"""),"OK") -> OK | BY52: =IFERROR(__xludf.DUMMYFUNCTION("""COMPUTED_VALUE"""),"1600-2600") -> 1600-2600 | BZ52: =IFERROR(__xludf.DUMMYFUNCTION("""COMPUTED_VALUE"""),60.0) -> 60 | CA52: =IFERROR(__xludf.DUMMYFUNCTION("""COMPUTED_VALUE"""),"Old") -> Old
A53: 894851 | B53: 850 Maple Dr, Los Angeles, NY 25964 | C53: Los Angeles | D53: 25964 | E53: NY | F53: 1 bds | G53: 1 ba | H53: 2983 | I53: 6389 | J53: 1975 | K53: 89 | L53: Single Family | M53: Z145933 | N53: Mike Lee - Coldwell Banker | O53: For Sale | P53: =COUNTIF(Analysis!$M$1:$M$3001,Analysis!$M53) -> 1 | Q53: =IF(COUNTIF(Analysis!$M$2:$M$3001,Analysis!$M53)>1,"Duplicate","OK") -> OK | R53: =IFS( AND(H53>=600, H53<1600),"600-1600", AND(H53>=1600, H53<2600),"1600-2600", AND(H53>=2600, H53<3600),"2600-3600", H53>=3600,"3600+" ) -> 2600-3600 | S53: =year(TODAY())-J53 -> 51 | T53: =ifs(AND(S53>=0,S53<=10),"New",AND(S53>10,S53<=30),"Mid",AND(S53>30,S53<=60),"Old",S53>60,"Very Old") -> Old | BH53: =IFERROR(__xludf.DUMMYFUNCTION("""COMPUTED_VALUE"""),1122337.0) -> 1122337 | BI53: =IFERROR(__xludf.DUMMYFUNCTION("""COMPUTED_VALUE"""),"2318 Elm St, San Francisco, IL 52454") -> 2318 Elm St, San Francisco, IL 52454 | BJ53: =IFERROR(__xludf.DUMMYFUNCTION("""COMPUTED_VALUE"""),"San Francisco") -> San Francisco | BK53: =IFERROR(__xludf.DUMMYFUNCTION("""COMPUTED_VALUE"""),52454.0) -> 52454 | BL53: =IFERROR(__xludf.DUMMYFUNCTION("""COMPUTED_VALUE"""),"IL") -> IL | BM53: =IFERROR(__xludf.DUMMYFUNCTION("""COMPUTED_VALUE"""),"4 bds") -> 4 bds | BN53: =IFERROR(__xludf.DUMMYFUNCTION("""COMPUTED_VALUE"""),"1 ba") -> 1 ba | BO53: =IFERROR(__xludf.DUMMYFUNCTION("""COMPUTED_VALUE"""),1947.0) -> 1947 | BP53: =IFERROR(__xludf.DUMMYFUNCTION("""COMPUTED_VALUE"""),3995.0) -> 3995 | BQ53: =IFERROR(__xludf.DUMMYFUNCTION("""COMPUTED_VALUE"""),1996.0) -> 1996 | BR53: =IFERROR(__xludf.DUMMYFUNCTION("""COMPUTED_VALUE"""),40.0) -> 40 | BS53: =IFERROR(__xludf.DUMMYFUNCTION("""COMPUTED_VALUE"""),"Condo") -> Condo | BT53: =IFERROR(__xludf.DUMMYFUNCTION("""COMPUTED_VALUE"""),"Z470916") -> Z470916 | BU53: =IFERROR(__xludf.DUMMYFUNCTION("""COMPUTED_VALUE"""),"Alex Johnson - Compass") -> Alex Johnson - Compass | BV53: =IFERROR(__xludf.DUMMYFUNCTION("""COMPUTED_VALUE"""),"Sold") -> Sold | BW53: =IFERROR(__xludf.DUMMYFUNCTION("""COMPUTED_VALUE"""),1.0) -> 1 | BX53: =IFERROR(__xludf.DUMMYFUNCTION("""COMPUTED_VALUE"""),"OK") -> OK | BY53: =IFERROR(__xludf.DUMMYFUNCTION("""COMPUTED_VALUE"""),"1600-2600") -> 1600-2600 | BZ53: =IFERROR(__xludf.DUMMYFUNCTION("""COMPUTED_VALUE"""),30.0) -> 30 | CA53: =IFERROR(__xludf.DUMMYFUNCTION("""COMPUTED_VALUE"""),"Mid") -> Mid
A54: 1062706 | B54: 385 Maple Dr, San Diego, FL 61792 | C54: San Diego | D54: 61792 | E54: FL | F54: 2 bds | G54: 4 ba | H54: 1143 | I54: 3561 | J54: 2006 | K54: 28 | L54: Multi-Family | M54: Z362904 | N54: Jane Smith - Keller Williams | O54: Pending | P54: =COUNTIF(Analysis!$M$1:$M$3001,Analysis!$M54) -> 1 | Q54: =IF(COUNTIF(Analysis!$M$2:$M$3001,Analysis!$M54)>1,"Duplicate","OK") -> OK | R54: =IFS( AND(H54>=600, H54<1600),"600-1600", AND(H54>=1600, H54<2600),"1600-2600", AND(H54>=2600, H54<3600),"2600-3600", H54>=3600,"3600+" ) -> 600-1600 | S54: =year(TODAY())-J54 -> 20 | T54: =ifs(AND(S54>=0,S54<=10),"New",AND(S54>10,S54<=30),"Mid",AND(S54>30,S54<=60),"Old",S54>60,"Very Old") -> Mid | BH54: =IFERROR(__xludf.DUMMYFUNCTION("""COMPUTED_VALUE"""),243343.0) -> 243343 | BI54: =IFERROR(__xludf.DUMMYFUNCTION("""COMPUTED_VALUE"""),"2240 Maple Dr, San Diego, TX 81784") -> 2240 Maple Dr, San Diego, TX 81784 | BJ54: =IFERROR(__xludf.DUMMYFUNCTION("""COMPUTED_VALUE"""),"San Diego") -> San Diego | BK54: =IFERROR(__xludf.DUMMYFUNCTION("""COMPUTED_VALUE"""),81784.0) -> 81784 | BL54: =IFERROR(__xludf.DUMMYFUNCTION("""COMPUTED_VALUE"""),"TX") -> TX | BM54: =IFERROR(__xludf.DUMMYFUNCTION("""COMPUTED_VALUE"""),"2 bds") -> 2 bds | BN54: =IFERROR(__xludf.DUMMYFUNCTION("""COMPUTED_VALUE"""),"2 ba") -> 2 ba | BO54: =IFERROR(__xludf.DUMMYFUNCTION("""COMPUTED_VALUE"""),3958.0) -> 3958 | BP54: =IFERROR(__xludf.DUMMYFUNCTION("""COMPUTED_VALUE"""),1936.0) -> 1936 | BQ54: =IFERROR(__xludf.DUMMYFUNCTION("""COMPUTED_VALUE"""),2012.0) -> 2012 | BR54: =IFERROR(__xludf.DUMMYFUNCTION("""COMPUTED_VALUE"""),116.0) -> 116 | BS54: =IFERROR(__xludf.DUMMYFUNCTION("""COMPUTED_VALUE"""),"Condo") -> Condo | BT54: =IFERROR(__xludf.DUMMYFUNCTION("""COMPUTED_VALUE"""),"Z766765") -> Z766765 | BU54: =IFERROR(__xludf.DUMMYFUNCTION("""COMPUTED_VALUE"""),"Alex Johnson - Compass") -> Alex Johnson - Compass | BV54: =IFERROR(__xludf.DUMMYFUNCTION("""COMPUTED_VALUE"""),"Sold") -> Sold | BW54: =IFERROR(__xludf.DUMMYFUNCTION("""COMPUTED_VALUE"""),1.0) -> 1 | BX54: =IFERROR(__xludf.DUMMYFUNCTION("""COMPUTED_VALUE"""),"OK") -> OK | BY54: =IFERROR(__xludf.DUMMYFUNCTION("""COMPUTED_VALUE"""),"3600+") -> 3600+ | BZ54: =IFERROR(__xludf.DUMMYFUNCTION("""COMPUTED_VALUE"""),14.0) -> 14 | CA54: =IFERROR(__xludf.DUMMYFUNCTION("""COMPUTED_VALUE"""),"Mid") -> Mid
A55: 1293272 | B55: 2669 Oak Ave, San Diego, TX 91305 | C55: San Diego | D55: 91305 | E55: TX | F55: 1 bds | G55: 3 ba | H55: 1004 | I55: 4822 | J55: 1982 | K55: 28 | L55: Apartment | M55: Z764655 | N55: Mike Lee - Coldwell Banker | O55: Pending | P55: =COUNTIF(Analysis!$M$1:$M$3001,Analysis!$M55) -> 1 | Q55: =IF(COUNTIF(Analysis!$M$2:$M$3001,Analysis!$M55)>1,"Duplicate","OK") -> OK | R55: =IFS( AND(H55>=600, H55<1600),"600-1600", AND(H55>=1600, H55<2600),"1600-2600", AND(H55>=2600, H55<3600),"2600-3600", H55>=3600,"3600+" ) -> 600-1600 | S55: =year(TODAY())-J55 -> 44 | T55: =ifs(AND(S55>=0,S55<=10),"New",AND(S55>10,S55<=30),"Mid",AND(S55>30,S55<=60),"Old",S55>60,"Very Old") -> Old | BH55: =IFERROR(__xludf.DUMMYFUNCTION("""COMPUTED_VALUE"""),812527.0) -> 812527 | BI55: =IFERROR(__xludf.DUMMYFUNCTION("""COMPUTED_VALUE"""),"5462 Oak Ave, Los Angeles, TX 13830") -> 5462 Oak Ave, Los Angeles, TX 13830 | BJ55: =IFERROR(__xludf.DUMMYFUNCTION("""COMPUTED_VALUE"""),"Los Angeles") -> Los Angeles | BK55: =IFERROR(__xludf.DUMMYFUNCTION("""COMPUTED_VALUE"""),13830.0) -> 13830 | BL55: =IFERROR(__xludf.DUMMYFUNCTION("""COMPUTED_VALUE"""),"TX") -> TX | BM55: =IFERROR(__xludf.DUMMYFUNCTION("""COMPUTED_VALUE"""),"6 bds") -> 6 bds | BN55: =IFERROR(__xludf.DUMMYFUNCTION("""COMPUTED_VALUE"""),"3 ba") -> 3 ba | BO55: =IFERROR(__xludf.DUMMYFUNCTION("""COMPUTED_VALUE"""),2820.0) -> 2820 | BP55: =IFERROR(__xludf.DUMMYFUNCTION("""COMPUTED_VALUE"""),9357.0) -> 9357 | BQ55: =IFERROR(__xludf.DUMMYFUNCTION("""COMPUTED_VALUE"""),1966.0) -> 1966 | BR55: =IFERROR(__xludf.DUMMYFUNCTION("""COMPUTED_VALUE"""),70.0) -> 70 | BS55: =IFERROR(__xludf.DUMMYFUNCTION("""COMPUTED_VALUE"""),"Condo") -> Condo | BT55: =IFERROR(__xludf.DUMMYFUNCTION("""COMPUTED_VALUE"""),"Z185189") -> Z185189 | BU55: =IFERROR(__xludf.DUMMYFUNCTION("""COMPUTED_VALUE"""),"Alex Johnson - Compass") -> Alex Johnson - Compass | BV55: =IFERROR(__xludf.DUMMYFUNCTION("""COMPUTED_VALUE"""),"Sold") -> Sold | BW55: =IFERROR(__xludf.DUMMYFUNCTION("""COMPUTED_VALUE"""),1.0) -> 1 | BX55: =IFERROR(__xludf.DUMMYFUNCTION("""COMPUTED_VALUE"""),"OK") -> OK | BY55: =IFERROR(__xludf.DUMMYFUNCTION("""COMPUTED_VALUE"""),"2600-3600") -> 2600-3600 | BZ55: =IFERROR(__xludf.DUMMYFUNCTION("""COMPUTED_VALUE"""),60.0) -> 60 | CA55: =IFERROR(__xludf.DUMMYFUNCTION("""COMPUTED_VALUE"""),"Old") -> Old
A56: 121941 | B56: 1352 Main St, San Diego, IL 79089 | C56: San Diego | D56: 79089 | E56: IL | F56: 4 bds | G56: 1 ba | H56: 1266 | I56: 6554 | J56: 1961 | K56: 45 | L56: Townhouse | M56: Z140940 | N56: John Doe - RE/MAX | O56: For Sale | P56: =COUNTIF(Analysis!$M$1:$M$3001,Analysis!$M56) -> 1 | Q56: =IF(COUNTIF(Analysis!$M$2:$M$3001,Analysis!$M56)>1,"Duplicate","OK") -> OK | R56: =IFS( AND(H56>=600, H56<1600),"600-1600", AND(H56>=1600, H56<2600),"1600-2600", AND(H56>=2600, H56<3600),"2600-3600", H56>=3600,"3600+" ) -> 600-1600 | S56: =year(TODAY())-J56 -> 65 | T56: =ifs(AND(S56>=0,S56<=10),"New",AND(S56>10,S56<=30),"Mid",AND(S56>30,S56<=60),"Old",S56>60,"Very Old") -> Very Old | BH56: =IFERROR(__xludf.DUMMYFUNCTION("""COMPUTED_VALUE"""),1465615.0) -> 1465615 | BI56: =IFERROR(__xludf.DUMMYFUNCTION("""COMPUTED_VALUE"""),"2932 Elm St, Los Angeles, FL 40426") -> 2932 Elm St, Los Angeles, FL 40426 | BJ56: =IFERROR(__xludf.DUMMYFUNCTION("""COMPUTED_VALUE"""),"Los Angeles") -> Los Angeles | BK56: =IFERROR(__xludf.DUMMYFUNCTION("""COMPUTED_VALUE"""),40426.0) -> 40426 | BL56: =IFERROR(__xludf.DUMMYFUNCTION("""COMPUTED_VALUE"""),"FL") -> FL | BM56: =IFERROR(__xludf.DUMMYFUNCTION("""COMPUTED_VALUE"""),"4 bds") -> 4 bds | BN56: =IFERROR(__xludf.DUMMYFUNCTION("""COMPUTED_VALUE"""),"3 ba") -> 3 ba | BO56: =IFERROR(__xludf.DUMMYFUNCTION("""COMPUTED_VALUE"""),3051.0) -> 3051 | BP56: =IFERROR(__xludf.DUMMYFUNCTION("""COMPUTED_VALUE"""),6869.0) -> 6869 | BQ56: =IFERROR(__xludf.DUMMYFUNCTION("""COMPUTED_VALUE"""),1955.0) -> 1955 | BR56: =IFERROR(__xludf.DUMMYFUNCTION("""COMPUTED_VALUE"""),64.0) -> 64 | BS56: =IFERROR(__xludf.DUMMYFUNCTION("""COMPUTED_VALUE"""),"Single Family") -> Single Family | BT56: =IFERROR(__xludf.DUMMYFUNCTION("""COMPUTED_VALUE"""),"Z203748") -> Z203748 | BU56: =IFERROR(__xludf.DUMMYFUNCTION("""COMPUTED_VALUE"""),"Alex Johnson - Compass") -> Alex Johnson - Compass | BV56: =IFERROR(__xludf.DUMMYFUNCTION("""COMPUTED_VALUE"""),"Sold") -> Sold | BW56: =IFERROR(__xludf.DUMMYFUNCTION("""COMPUTED_VALUE"""),1.0) -> 1 | BX56: =IFERROR(__xludf.DUMMYFUNCTION("""COMPUTED_VALUE"""),"OK") -> OK | BY56: =IFERROR(__xludf.DUMMYFUNCTION("""COMPUTED_VALUE"""),"2600-3600") -> 2600-3600 | BZ56: =IFERROR(__xludf.DUMMYFUNCTION("""COMPUTED_VALUE"""),71.0) -> 71 | CA56: =IFERROR(__xludf.DUMMYFUNCTION("""COMPUTED_VALUE"""),"Very Old") -> Very Old
A57: 1054157 | B57: 1966 Pine Rd, Los Angeles, CA 69291 | C57: Los Angeles | D57: 69291 | E57: CA | F57: 3 bds | G57: 2 ba | H57: 3080 | I57: 2905 | J57: 1981 | K57: 2 | L57: Apartment | M57: Z995727 | N57: John Doe - RE/MAX | O57: For Sale | P57: =COUNTIF(Analysis!$M$1:$M$3001,Analysis!$M57) -> 1 | Q57: =IF(COUNTIF(Analysis!$M$2:$M$3001,Analysis!$M57)>1,"Duplicate","OK") -> OK | R57: =IFS( AND(H57>=600, H57<1600),"600-1600", AND(H57>=1600, H57<2600),"1600-2600", AND(H57>=2600, H57<3600),"2600-3600", H57>=3600,"3600+" ) -> 2600-3600 | S57: =year(TODAY())-J57 -> 45 | T57: =ifs(AND(S57>=0,S57<=10),"New",AND(S57>10,S57<=30),"Mid",AND(S57>30,S57<=60),"Old",S57>60,"Very Old") -> Old | BH57: =IFERROR(__xludf.DUMMYFUNCTION("""COMPUTED_VALUE"""),422789.0) -> 422789 | BI57: =IFERROR(__xludf.DUMMYFUNCTION("""COMPUTED_VALUE"""),"2577 Elm St, Fresno, FL 71252") -> 2577 Elm St, Fresno, FL 71252 | BJ57: =IFERROR(__xludf.DUMMYFUNCTION("""COMPUTED_VALUE"""),"Fresno") -> Fresno | BK57: =IFERROR(__xludf.DUMMYFUNCTION("""COMPUTED_VALUE"""),71252.0) -> 71252 | BL57: =IFERROR(__xludf.DUMMYFUNCTION("""COMPUTED_VALUE"""),"FL") -> FL | BM57: =IFERROR(__xludf.DUMMYFUNCTION("""COMPUTED_VALUE"""),"6 bds") -> 6 bds | BN57: =IFERROR(__xludf.DUMMYFUNCTION("""COMPUTED_VALUE"""),"3 ba") -> 3 ba | BO57: =IFERROR(__xludf.DUMMYFUNCTION("""COMPUTED_VALUE"""),3026.0) -> 3026 | BP57: =IFERROR(__xludf.DUMMYFUNCTION("""COMPUTED_VALUE"""),8560.0) -> 8560 | BQ57: =IFERROR(__xludf.DUMMYFUNCTION("""COMPUTED_VALUE"""),1971.0) -> 1971 | BR57: =IFERROR(__xludf.DUMMYFUNCTION("""COMPUTED_VALUE"""),107.0) -> 107 | BS57: =IFERROR(__xludf.DUMMYFUNCTION("""COMPUTED_VALUE"""),"Condo") -> Condo | BT57: =IFERROR(__xludf.DUMMYFUNCTION("""COMPUTED_VALUE"""),"Z554286") -> Z554286 | BU57: =IFERROR(__xludf.DUMMYFUNCTION("""COMPUTED_VALUE"""),"Alex Johnson - Compass") -> Alex Johnson - Compass | BV57: =IFERROR(__xludf.DUMMYFUNCTION("""COMPUTED_VALUE"""),"Sold") -> Sold | BW57: =IFERROR(__xludf.DUMMYFUNCTION("""COMPUTED_VALUE"""),1.0) -> 1 | BX57: =IFERROR(__xludf.DUMMYFUNCTION("""COMPUTED_VALUE"""),"OK") -> OK | BY57: =IFERROR(__xludf.DUMMYFUNCTION("""COMPUTED_VALUE"""),"2600-3600") -> 2600-3600 | BZ57: =IFERROR(__xludf.DUMMYFUNCTION("""COMPUTED_VALUE"""),55.0) -> 55 | CA57: =IFERROR(__xludf.DUMMYFUNCTION("""COMPUTED_VALUE"""),"Old") -> Old
A58: 1064596 | B58: 593 Main St, San Francisco, FL 88366 | C58: San Francisco | D58: 88366 | E58: FL | F58: 5 bds | G58: 1 ba | H58: 2383 | I58: 7954 | J58: 1995 | K58: 73 | L58: Condo | M58: Z348439 | N58: John Doe - RE/MAX | O58: Sold | P58: =COUNTIF(Analysis!$M$1:$M$3001,Analysis!$M58) -> 1 | Q58: =IF(COUNTIF(Analysis!$M$2:$M$3001,Analysis!$M58)>1,"Duplicate","OK") -> OK | R58: =IFS( AND(H58>=600, H58<1600),"600-1600", AND(H58>=1600, H58<2600),"1600-2600", AND(H58>=2600, H58<3600),"2600-3600", H58>=3600,"3600+" ) -> 1600-2600 | S58: =year(TODAY())-J58 -> 31 | T58: =ifs(AND(S58>=0,S58<=10),"New",AND(S58>10,S58<=30),"Mid",AND(S58>30,S58<=60),"Old",S58>60,"Very Old") -> Old | BH58: =IFERROR(__xludf.DUMMYFUNCTION("""COMPUTED_VALUE"""),1076134.0) -> 1076134 | BI58: =IFERROR(__xludf.DUMMYFUNCTION("""COMPUTED_VALUE"""),"2374 Maple Dr, San Francisco, IL 32018") -> 2374 Maple Dr, San Francisco, IL 32018 | BJ58: =IFERROR(__xludf.DUMMYFUNCTION("""COMPUTED_VALUE"""),"San Francisco") -> San Francisco | BK58: =IFERROR(__xludf.DUMMYFUNCTION("""COMPUTED_VALUE"""),32018.0) -> 32018 | BL58: =IFERROR(__xludf.DUMMYFUNCTION("""COMPUTED_VALUE"""),"IL") -> IL | BM58: =IFERROR(__xludf.DUMMYFUNCTION("""COMPUTED_VALUE"""),"1 bds") -> 1 bds | BN58: =IFERROR(__xludf.DUMMYFUNCTION("""COMPUTED_VALUE"""),"4 ba") -> 4 ba | BO58: =IFERROR(__xludf.DUMMYFUNCTION("""COMPUTED_VALUE"""),1462.0) -> 1462 | BP58: =IFERROR(__xludf.DUMMYFUNCTION("""COMPUTED_VALUE"""),4169.0) -> 4169 | BQ58: =IFERROR(__xludf.DUMMYFUNCTION("""COMPUTED_VALUE"""),1998.0) -> 1998 | BR58: =IFERROR(__xludf.DUMMYFUNCTION("""COMPUTED_VALUE"""),27.0) -> 27 | BS58: =IFERROR(__xludf.DUMMYFUNCTION("""COMPUTED_VALUE"""),"Townhouse") -> Townhouse | BT58: =IFERROR(__xludf.DUMMYFUNCTION("""COMPUTED_VALUE"""),"Z522681") -> Z522681 | BU58: =IFERROR(__xludf.DUMMYFUNCTION("""COMPUTED_VALUE"""),"Alex Johnson - Compass") -> Alex Johnson - Compass | BV58: =IFERROR(__xludf.DUMMYFUNCTION("""COMPUTED_VALUE"""),"Sold") -> Sold | BW58: =IFERROR(__xludf.DUMMYFUNCTION("""COMPUTED_VALUE"""),1.0) -> 1 | BX58: =IFERROR(__xludf.DUMMYFUNCTION("""COMPUTED_VALUE"""),"OK") -> OK | BY58: =IFERROR(__xludf.DUMMYFUNCTION("""COMPUTED_VALUE"""),"600-1600") -> 600-1600 | BZ58: =IFERROR(__xludf.DUMMYFUNCTION("""COMPUTED_VALUE"""),28.0) -> 28 | CA58: =IFERROR(__xludf.DUMMYFUNCTION("""COMPUTED_VALUE"""),"Mid") -> Mid
A59: 1301207 | B59: 1732 Pine Rd, Sacramento, TX 97624 | C59: Sacramento | D59: 97624 | E59: TX | F59: 5 bds | G59: 4 ba | H59: 659 | I59: 9317 | J59: 1985 | K59: 46 | L59: Single Family | M59: Z524275 | N59: Jane Smith - Keller Williams | O59: For Sale | P59: =COUNTIF(Analysis!$M$1:$M$3001,Analysis!$M59) -> 1 | Q59: =IF(COUNTIF(Analysis!$M$2:$M$3001,Analysis!$M59)>1,"Duplicate","OK") -> OK | R59: =IFS( AND(H59>=600, H59<1600),"600-1600", AND(H59>=1600, H59<2600),"1600-2600", AND(H59>=2600, H59<3600),"2600-3600", H59>=3600,"3600+" ) -> 600-1600 | S59: =year(TODAY())-J59 -> 41 | T59: =ifs(AND(S59>=0,S59<=10),"New",AND(S59>10,S59<=30),"Mid",AND(S59>30,S59<=60),"Old",S59>60,"Very Old") -> Old | BH59: =IFERROR(__xludf.DUMMYFUNCTION("""COMPUTED_VALUE"""),437818.0) -> 437818 | BI59: =IFERROR(__xludf.DUMMYFUNCTION("""COMPUTED_VALUE"""),"1001 Pine Rd, Fresno, TX 65816") -> 1001 Pine Rd, Fresno, TX 65816 | BJ59: =IFERROR(__xludf.DUMMYFUNCTION("""COMPUTED_VALUE"""),"Fresno") -> Fresno | BK59: =IFERROR(__xludf.DUMMYFUNCTION("""COMPUTED_VALUE"""),65816.0) -> 65816 | BL59: =IFERROR(__xludf.DUMMYFUNCTION("""COMPUTED_VALUE"""),"TX") -> TX | BM59: =IFERROR(__xludf.DUMMYFUNCTION("""COMPUTED_VALUE"""),"2 bds") -> 2 bds | BN59: =IFERROR(__xludf.DUMMYFUNCTION("""COMPUTED_VALUE"""),"4 ba") -> 4 ba | BO59: =IFERROR(__xludf.DUMMYFUNCTION("""COMPUTED_VALUE"""),3047.0) -> 3047 | BP59: =IFERROR(__xludf.DUMMYFUNCTION("""COMPUTED_VALUE"""),4867.0) -> 4867 | BQ59: =IFERROR(__xludf.DUMMYFUNCTION("""COMPUTED_VALUE"""),1980.0) -> 1980 | BR59: =IFERROR(__xludf.DUMMYFUNCTION("""COMPUTED_VALUE"""),29.0) -> 29 | BS59: =IFERROR(__xludf.DUMMYFUNCTION("""COMPUTED_VALUE"""),"Condo") -> Condo | BT59: =IFERROR(__xludf.DUMMYFUNCTION("""COMPUTED_VALUE"""),"Z163297") -> Z163297 | BU59: =IFERROR(__xludf.DUMMYFUNCTION("""COMPUTED_VALUE"""),"Alex Johnson - Compass") -> Alex Johnson - Compass | BV59: =IFERROR(__xludf.DUMMYFUNCTION("""COMPUTED_VALUE"""),"Sold") -> Sold | BW59: =IFERROR(__xludf.DUMMYFUNCTION("""COMPUTED_VALUE"""),1.0) -> 1 | BX59: =IFERROR(__xludf.DUMMYFUNCTION("""COMPUTED_VALUE"""),"OK") -> OK | BY59: =IFERROR(__xludf.DUMMYFUNCTION("""COMPUTED_VALUE"""),"2600-3600") -> 2600-3600 | BZ59: =IFERROR(__xludf.DUMMYFUNCTION("""COMPUTED_VALUE"""),46.0) -> 46 | CA59: =IFERROR(__xludf.DUMMYFUNCTION("""COMPUTED_VALUE"""),"Old") -> Old
A60: 1429718 | B60: 3811 Elm St, San Francisco, FL 87038 | C60: San Francisco | D60: 87038 | E60: FL | F60: 1 bds | G60: 4 ba | H60: 3082 | I60: 4211 | J60: 1974 | K60: 55 | L60: Single Family | M60: Z390055 | N60: John Doe - RE/MAX | O60: For Sale | P60: =COUNTIF(Analysis!$M$1:$M$3001,Analysis!$M60) -> 1 | Q60: =IF(COUNTIF(Analysis!$M$2:$M$3001,Analysis!$M60)>1,"Duplicate","OK") -> OK | R60: =IFS( AND(H60>=600, H60<1600),"600-1600", AND(H60>=1600, H60<2600),"1600-2600", AND(H60>=2600, H60<3600),"2600-3600", H60>=3600,"3600+" ) -> 2600-3600 | S60: =year(TODAY())-J60 -> 52 | T60: =ifs(AND(S60>=0,S60<=10),"New",AND(S60>10,S60<=30),"Mid",AND(S60>30,S60<=60),"Old",S60>60,"Very Old") -> Old | BH60: =IFERROR(__xludf.DUMMYFUNCTION("""COMPUTED_VALUE"""),638010.0) -> 638010 | BI60: =IFERROR(__xludf.DUMMYFUNCTION("""COMPUTED_VALUE"""),"2209 Main St, Sacramento, NY 93308") -> 2209 Main St, Sacramento, NY 93308 | BJ60: =IFERROR(__xludf.DUMMYFUNCTION("""COMPUTED_VALUE"""),"Sacramento") -> Sacramento | BK60: =IFERROR(__xludf.DUMMYFUNCTION("""COMPUTED_VALUE"""),93308.0) -> 93308 | BL60: =IFERROR(__xludf.DUMMYFUNCTION("""COMPUTED_VALUE"""),"NY") -> NY | BM60: =IFERROR(__xludf.DUMMYFUNCTION("""COMPUTED_VALUE"""),"5 bds") -> 5 bds | BN60: =IFERROR(__xludf.DUMMYFUNCTION("""COMPUTED_VALUE"""),"2 ba") -> 2 ba | BO60: =IFERROR(__xludf.DUMMYFUNCTION("""COMPUTED_VALUE"""),1639.0) -> 1639 | BP60: =IFERROR(__xludf.DUMMYFUNCTION("""COMPUTED_VALUE"""),7177.0) -> 7177 | BQ60: =IFERROR(__xludf.DUMMYFUNCTION("""COMPUTED_VALUE"""),1954.0) -> 1954 | BR60: =IFERROR(__xludf.DUMMYFUNCTION("""COMPUTED_VALUE"""),68.0) -> 68 | BS60: =IFERROR(__xludf.DUMMYFUNCTION("""COMPUTED_VALUE"""),"Apartment") -> Apartment | BT60: =IFERROR(__xludf.DUMMYFUNCTION("""COMPUTED_VALUE"""),"Z647450") -> Z647450 | BU60: =IFERROR(__xludf.DUMMYFUNCTION("""COMPUTED_VALUE"""),"Alex Johnson - Compass") -> Alex Johnson - Compass | BV60: =IFERROR(__xludf.DUMMYFUNCTION("""COMPUTED_VALUE"""),"Sold") -> Sold | BW60: =IFERROR(__xludf.DUMMYFUNCTION("""COMPUTED_VALUE"""),1.0) -> 1 | BX60: =IFERROR(__xludf.DUMMYFUNCTION("""COMPUTED_VALUE"""),"OK") -> OK | BY60: =IFERROR(__xludf.DUMMYFUNCTION("""COMPUTED_VALUE"""),"1600-2600") -> 1600-2600 | BZ60: =IFERROR(__xludf.DUMMYFUNCTION("""COMPUTED_VALUE"""),72.0) -> 72 | CA60: =IFERROR(__xludf.DUMMYFUNCTION("""COMPUTED_VALUE"""),"Very Old") -> Very Old
A61: 570284 | B61: 8985 Main St, Sacramento, CA 71760 | C61: Sacramento | D61: 71760 | E61: CA | F61: 1 bds | G61: 1 ba | H61: 2654 | I61: 1426 | J61: 1990 | K61: 57 | L61: Condo | M61: Z262315 | N61: Jane Smith - Keller Williams | O61: Sold | P61: =COUNTIF(Analysis!$M$1:$M$3001,Analysis!$M61) -> 1 | Q61: =IF(COUNTIF(Analysis!$M$2:$M$3001,Analysis!$M61)>1,"Duplicate","OK") -> OK | R61: =IFS( AND(H61>=600, H61<1600),"600-1600", AND(H61>=1600, H61<2600),"1600-2600", AND(H61>=2600, H61<3600),"2600-3600", H61>=3600,"3600+" ) -> 2600-3600 | S61: =year(TODAY())-J61 -> 36 | T61: =ifs(AND(S61>=0,S61<=10),"New",AND(S61>10,S61<=30),"Mid",AND(S61>30,S61<=60),"Old",S61>60,"Very Old") -> Old | BH61: =IFERROR(__xludf.DUMMYFUNCTION("""COMPUTED_VALUE"""),1456198.0) -> 1456198 | BI61: =IFERROR(__xludf.DUMMYFUNCTION("""COMPUTED_VALUE"""),"6548 Pine Rd, San Diego, IL 77634") -> 6548 Pine Rd, San Diego, IL 77634 | BJ61: =IFERROR(__xludf.DUMMYFUNCTION("""COMPUTED_VALUE"""),"San Diego") -> San Diego | BK61: =IFERROR(__xludf.DUMMYFUNCTION("""COMPUTED_VALUE"""),77634.0) -> 77634 | BL61: =IFERROR(__xludf.DUMMYFUNCTION("""COMPUTED_VALUE"""),"IL") -> IL | BM61: =IFERROR(__xludf.DUMMYFUNCTION("""COMPUTED_VALUE"""),"2 bds") -> 2 bds | BN61: =IFERROR(__xludf.DUMMYFUNCTION("""COMPUTED_VALUE"""),"3 ba") -> 3 ba | BO61: =IFERROR(__xludf.DUMMYFUNCTION("""COMPUTED_VALUE"""),3913.0) -> 3913 | BP61: =IFERROR(__xludf.DUMMYFUNCTION("""COMPUTED_VALUE"""),8178.0) -> 8178 | BQ61: =IFERROR(__xludf.DUMMYFUNCTION("""COMPUTED_VALUE"""),2012.0) -> 2012 | BR61: =IFERROR(__xludf.DUMMYFUNCTION("""COMPUTED_VALUE"""),4.0) -> 4 | BS61: =IFERROR(__xludf.DUMMYFUNCTION("""COMPUTED_VALUE"""),"Single Family") -> Single Family | BT61: =IFERROR(__xludf.DUMMYFUNCTION("""COMPUTED_VALUE"""),"Z885423") -> Z885423 | BU61: =IFERROR(__xludf.DUMMYFUNCTION("""COMPUTED_VALUE"""),"Alex Johnson - Compass") -> Alex Johnson - Compass | BV61: =IFERROR(__xludf.DUMMYFUNCTION("""COMPUTED_VALUE"""),"Sold") -> Sold | BW61: =IFERROR(__xludf.DUMMYFUNCTION("""COMPUTED_VALUE"""),1.0) -> 1 | BX61: =IFERROR(__xludf.DUMMYFUNCTION("""COMPUTED_VALUE"""),"OK") -> OK | BY61: =IFERROR(__xludf.DUMMYFUNCTION("""COMPUTED_VALUE"""),"3600+") -> 3600+ | BZ61: =IFERROR(__xludf.DUMMYFUNCTION("""COMPUTED_VALUE"""),14.0) -> 14 | CA61: =IFERROR(__xludf.DUMMYFUNCTION("""COMPUTED_VALUE"""),"Mid") -> Mid
A62: 136498 | B62: 6616 Oak Ave, Los Angeles, CA 60339 | C62: Los Angeles | D62: 60339 | E62: CA | F62: 5 bds | G62: 4 ba | H62: 3410 | I62: 4595 | J62: 1988 | K62: 71 | L62: Townhouse | M62: Z855466 | N62: Alex Johnson - Compass | O62: Pending | P62: =COUNTIF(Analysis!$M$1:$M$3001,Analysis!$M62) -> 1 | Q62: =IF(COUNTIF(Analysis!$M$2:$M$3001,Analysis!$M62)>1,"Duplicate","OK") -> OK | R62: =IFS( AND(H62>=600, H62<1600),"600-1600", AND(H62>=1600, H62<2600),"1600-2600", AND(H62>=2600, H62<3600),"2600-3600", H62>=3600,"3600+" ) -> 2600-3600 | S62: =year(TODAY())-J62 -> 38 | T62: =ifs(AND(S62>=0,S62<=10),"New",AND(S62>10,S62<=30),"Mid",AND(S62>30,S62<=60),"Old",S62>60,"Very Old") -> Old | BH62: =IFERROR(__xludf.DUMMYFUNCTION("""COMPUTED_VALUE"""),441126.0) -> 441126 | BI62: =IFERROR(__xludf.DUMMYFUNCTION("""COMPUTED_VALUE"""),"2312 Pine Rd, Fresno, IL 87777") -> 2312 Pine Rd, Fresno, IL 87777 | BJ62: =IFERROR(__xludf.DUMMYFUNCTION("""COMPUTED_VALUE"""),"Fresno") -> Fresno | BK62: =IFERROR(__xludf.DUMMYFUNCTION("""COMPUTED_VALUE"""),87777.0) -> 87777 | BL62: =IFERROR(__xludf.DUMMYFUNCTION("""COMPUTED_VALUE"""),"IL") -> IL | BM62: =IFERROR(__xludf.DUMMYFUNCTION("""COMPUTED_VALUE"""),"3 bds") -> 3 bds | BN62: =IFERROR(__xludf.DUMMYFUNCTION("""COMPUTED_VALUE"""),"4 ba") -> 4 ba | BO62: =IFERROR(__xludf.DUMMYFUNCTION("""COMPUTED_VALUE"""),3737.0) -> 3737 | BP62: =IFERROR(__xludf.DUMMYFUNCTION("""COMPUTED_VALUE"""),9711.0) -> 9711 | BQ62: =IFERROR(__xludf.DUMMYFUNCTION("""COMPUTED_VALUE"""),1968.0) -> 1968 | BR62: =IFERROR(__xludf.DUMMYFUNCTION("""COMPUTED_VALUE"""),109.0) -> 109 | BS62: =IFERROR(__xludf.DUMMYFUNCTION("""COMPUTED_VALUE"""),"Townhouse") -> Townhouse | BT62: =IFERROR(__xludf.DUMMYFUNCTION("""COMPUTED_VALUE"""),"Z838955") -> Z838955 | BU62: =IFERROR(__xludf.DUMMYFUNCTION("""COMPUTED_VALUE"""),"Alex Johnson - Compass") -> Alex Johnson - Compass | BV62: =IFERROR(__xludf.DUMMYFUNCTION("""COMPUTED_VALUE"""),"Sold") -> Sold | BW62: =IFERROR(__xludf.DUMMYFUNCTION("""COMPUTED_VALUE"""),1.0) -> 1 | BX62: =IFERROR(__xludf.DUMMYFUNCTION("""COMPUTED_VALUE"""),"OK") -> OK | BY62: =IFERROR(__xludf.DUMMYFUNCTION("""COMPUTED_VALUE"""),"3600+") -> 3600+ | BZ62: =IFERROR(__xludf.DUMMYFUNCTION("""COMPUTED_VALUE"""),58.0) -> 58 | CA62: =IFERROR(__xludf.DUMMYFUNCTION("""COMPUTED_VALUE"""),"Old") -> Old
A63: 1118129 | B63: 9346 Elm St, San Diego, CA 47852 | C63: San Diego | D63: 47852 | E63: CA | F63: 4 bds | G63: 1 ba | H63: 3593 | I63: 8559 | J63: 2006 | K63: 51 | L63: Single Family | M63: Z679889 | N63: Jane Smith - Keller Williams | O63: Pending | P63: =COUNTIF(Analysis!$M$1:$M$3001,Analysis!$M63) -> 1 | Q63: =IF(COUNTIF(Analysis!$M$2:$M$3001,Analysis!$M63)>1,"Duplicate","OK") -> OK | R63: =IFS( AND(H63>=600, H63<1600),"600-1600", AND(H63>=1600, H63<2600),"1600-2600", AND(H63>=2600, H63<3600),"2600-3600", H63>=3600,"3600+" ) -> 2600-3600 | S63: =year(TODAY())-J63 -> 20 | T63: =ifs(AND(S63>=0,S63<=10),"New",AND(S63>10,S63<=30),"Mid",AND(S63>30,S63<=60),"Old",S63>60,"Very Old") -> Mid | BH63: =IFERROR(__xludf.DUMMYFUNCTION("""COMPUTED_VALUE"""),562937.0) -> 562937 | BI63: =IFERROR(__xludf.DUMMYFUNCTION("""COMPUTED_VALUE"""),"5038 Oak Ave, Sacramento, TX 63240") -> 5038 Oak Ave, Sacramento, TX 63240 | BJ63: =IFERROR(__xludf.DUMMYFUNCTION("""COMPUTED_VALUE"""),"Sacramento") -> Sacramento | BK63: =IFERROR(__xludf.DUMMYFUNCTION("""COMPUTED_VALUE"""),63240.0) -> 63240 | BL63: =IFERROR(__xludf.DUMMYFUNCTION("""COMPUTED_VALUE"""),"TX") -> TX | BM63: =IFERROR(__xludf.DUMMYFUNCTION("""COMPUTED_VALUE"""),"2 bds") -> 2 bds | BN63: =IFERROR(__xludf.DUMMYFUNCTION("""COMPUTED_VALUE"""),"4 ba") -> 4 ba | BO63: =IFERROR(__xludf.DUMMYFUNCTION("""COMPUTED_VALUE"""),3915.0) -> 3915 | BP63: =IFERROR(__xludf.DUMMYFUNCTION("""COMPUTED_VALUE"""),2748.0) -> 2748 | BQ63: =IFERROR(__xludf.DUMMYFUNCTION("""COMPUTED_VALUE"""),2010.0) -> 2010 | BR63: =IFERROR(__xludf.DUMMYFUNCTION("""COMPUTED_VALUE"""),43.0) -> 43 | BS63: =IFERROR(__xludf.DUMMYFUNCTION("""COMPUTED_VALUE"""),"Apartment") -> Apartment | BT63: =IFERROR(__xludf.DUMMYFUNCTION("""COMPUTED_VALUE"""),"Z972811") -> Z972811 | BU63: =IFERROR(__xludf.DUMMYFUNCTION("""COMPUTED_VALUE"""),"Alex Johnson - Compass") -> Alex Johnson - Compass | BV63: =IFERROR(__xludf.DUMMYFUNCTION("""COMPUTED_VALUE"""),"Sold") -> Sold | BW63: =IFERROR(__xludf.DUMMYFUNCTION("""COMPUTED_VALUE"""),1.0) -> 1 | BX63: =IFERROR(__xludf.DUMMYFUNCTION("""COMPUTED_VALUE"""),"OK") -> OK | BY63: =IFERROR(__xludf.DUMMYFUNCTION("""COMPUTED_VALUE"""),"3600+") -> 3600+ | BZ63: =IFERROR(__xludf.DUMMYFUNCTION("""COMPUTED_VALUE"""),16.0) -> 16 | CA63: =IFERROR(__xludf.DUMMYFUNCTION("""COMPUTED_VALUE"""),"Mid") -> Mid
A64: 348881 | B64: 7692 Elm St, Los Angeles, NY 20582 | C64: Los Angeles | D64: 20582 | E64: NY | F64: 5 bds | G64: 1 ba | H64: 3368 | I64: 1942 | J64: 1954 | K64: 81 | L64: Multi-Family | M64: Z742779 | N64: Jane Smith - Keller Williams | O64: Pending | P64: =COUNTIF(Analysis!$M$1:$M$3001,Analysis!$M64) -> 1 | Q64: =IF(COUNTIF(Analysis!$M$2:$M$3001,Analysis!$M64)>1,"Duplicate","OK") -> OK | R64: =IFS( AND(H64>=600, H64<1600),"600-1600", AND(H64>=1600, H64<2600),"1600-2600", AND(H64>=2600, H64<3600),"2600-3600", H64>=3600,"3600+" ) -> 2600-3600 | S64: =year(TODAY())-J64 -> 72 | T64: =ifs(AND(S64>=0,S64<=10),"New",AND(S64>10,S64<=30),"Mid",AND(S64>30,S64<=60),"Old",S64>60,"Very Old") -> Very Old | BH64: =IFERROR(__xludf.DUMMYFUNCTION("""COMPUTED_VALUE"""),961607.0) -> 961607 | BI64: =IFERROR(__xludf.DUMMYFUNCTION("""COMPUTED_VALUE"""),"5866 Elm St, Sacramento, IL 36242") -> 5866 Elm St, Sacramento, IL 36242 | BJ64: =IFERROR(__xludf.DUMMYFUNCTION("""COMPUTED_VALUE"""),"Sacramento") -> Sacramento | BK64: =IFERROR(__xludf.DUMMYFUNCTION("""COMPUTED_VALUE"""),36242.0) -> 36242 | BL64: =IFERROR(__xludf.DUMMYFUNCTION("""COMPUTED_VALUE"""),"IL") -> IL | BM64: =IFERROR(__xludf.DUMMYFUNCTION("""COMPUTED_VALUE"""),"2 bds") -> 2 bds | BN64: =IFERROR(__xludf.DUMMYFUNCTION("""COMPUTED_VALUE"""),"2 ba") -> 2 ba | BO64: =IFERROR(__xludf.DUMMYFUNCTION("""COMPUTED_VALUE"""),3528.0) -> 3528 | BP64: =IFERROR(__xludf.DUMMYFUNCTION("""COMPUTED_VALUE"""),9102.0) -> 9102 | BQ64: =IFERROR(__xludf.DUMMYFUNCTION("""COMPUTED_VALUE"""),1993.0) -> 1993 | BR64: =IFERROR(__xludf.DUMMYFUNCTION("""COMPUTED_VALUE"""),109.0) -> 109 | BS64: =IFERROR(__xludf.DUMMYFUNCTION("""COMPUTED_VALUE"""),"Multi-Family") -> Multi-Family | BT64: =IFERROR(__xludf.DUMMYFUNCTION("""COMPUTED_VALUE"""),"Z579829") -> Z579829 | BU64: =IFERROR(__xludf.DUMMYFUNCTION("""COMPUTED_VALUE"""),"Alex Johnson - Compass") -> Alex Johnson - Compass | BV64: =IFERROR(__xludf.DUMMYFUNCTION("""COMPUTED_VALUE"""),"Sold") -> Sold | BW64: =IFERROR(__xludf.DUMMYFUNCTION("""COMPUTED_VALUE"""),1.0) -> 1 | BX64: =IFERROR(__xludf.DUMMYFUNCTION("""COMPUTED_VALUE"""),"OK") -> OK | BY64: =IFERROR(__xludf.DUMMYFUNCTION("""COMPUTED_VALUE"""),"2600-3600") -> 2600-3600 | BZ64: =IFERROR(__xludf.DUMMYFUNCTION("""COMPUTED_VALUE"""),33.0) -> 33 | CA64: =IFERROR(__xludf.DUMMYFUNCTION("""COMPUTED_VALUE"""),"Old") -> Old
A65: 1224280 | B65: 7234 Oak Ave, San Diego, CA 87797 | C65: San Diego | D65: 87797 | E65: CA | F65: 3 bds | G65: 3 ba | H65: 1071 | I65: 3640 | J65: 1965 | K65: 95 | L65: Condo | M65: Z816201 | N65: John Doe - RE/MAX | O65: For Sale | P65: =COUNTIF(Analysis!$M$1:$M$3001,Analysis!$M65) -> 1 | Q65: =IF(COUNTIF(Analysis!$M$2:$M$3001,Analysis!$M65)>1,"Duplicate","OK") -> OK | R65: =IFS( AND(H65>=600, H65<1600),"600-1600", AND(H65>=1600, H65<2600),"1600-2600", AND(H65>=2600, H65<3600),"2600-3600", H65>=3600,"3600+" ) -> 600-1600 | S65: =year(TODAY())-J65 -> 61 | T65: =ifs(AND(S65>=0,S65<=10),"New",AND(S65>10,S65<=30),"Mid",AND(S65>30,S65<=60),"Old",S65>60,"Very Old") -> Very Old | BH65: =IFERROR(__xludf.DUMMYFUNCTION("""COMPUTED_VALUE"""),857797.0) -> 857797 | BI65: =IFERROR(__xludf.DUMMYFUNCTION("""COMPUTED_VALUE"""),"8625 Maple Dr, San Diego, TX 45263") -> 8625 Maple Dr, San Diego, TX 45263 | BJ65: =IFERROR(__xludf.DUMMYFUNCTION("""COMPUTED_VALUE"""),"San Diego") -> San Diego | BK65: =IFERROR(__xludf.DUMMYFUNCTION("""COMPUTED_VALUE"""),45263.0) -> 45263 | BL65: =IFERROR(__xludf.DUMMYFUNCTION("""COMPUTED_VALUE"""),"TX") -> TX | BM65: =IFERROR(__xludf.DUMMYFUNCTION("""COMPUTED_VALUE"""),"5 bds") -> 5 bds | BN65: =IFERROR(__xludf.DUMMYFUNCTION("""COMPUTED_VALUE"""),"1 ba") -> 1 ba | BO65: =IFERROR(__xludf.DUMMYFUNCTION("""COMPUTED_VALUE"""),3694.0) -> 3694 | BP65: =IFERROR(__xludf.DUMMYFUNCTION("""COMPUTED_VALUE"""),8820.0) -> 8820 | BQ65: =IFERROR(__xludf.DUMMYFUNCTION("""COMPUTED_VALUE"""),1955.0) -> 1955 | BR65: =IFERROR(__xludf.DUMMYFUNCTION("""COMPUTED_VALUE"""),92.0) -> 92 | BS65: =IFERROR(__xludf.DUMMYFUNCTION("""COMPUTED_VALUE"""),"Single Family") -> Single Family | BT65: =IFERROR(__xludf.DUMMYFUNCTION("""COMPUTED_VALUE"""),"Z965843") -> Z965843 | BU65: =IFERROR(__xludf.DUMMYFUNCTION("""COMPUTED_VALUE"""),"Alex Johnson - Compass") -> Alex Johnson - Compass | BV65: =IFERROR(__xludf.DUMMYFUNCTION("""COMPUTED_VALUE"""),"Sold") -> Sold | BW65: =IFERROR(__xludf.DUMMYFUNCTION("""COMPUTED_VALUE"""),1.0) -> 1 | BX65: =IFERROR(__xludf.DUMMYFUNCTION("""COMPUTED_VALUE"""),"OK") -> OK | BY65: =IFERROR(__xludf.DUMMYFUNCTION("""COMPUTED_VALUE"""),"3600+") -> 3600+ | BZ65: =IFERROR(__xludf.DUMMYFUNCTION("""COMPUTED_VALUE"""),71.0) -> 71 | CA65: =IFERROR(__xludf.DUMMYFUNCTION("""COMPUTED_VALUE"""),"Very Old") -> Very Old
A66: 435555 | B66: 2047 Main St, Los Angeles, FL 17654 | C66: Los Angeles | D66: 17654 | E66: FL | F66: 2 bds | G66: 2 ba | H66: 2403 | I66: 8914 | J66: 1955 | K66: 18 | L66: Condo | M66: Z524082 | N66: Jane Smith - Keller Williams | O66: Pending | P66: =COUNTIF(Analysis!$M$1:$M$3001,Analysis!$M66) -> 1 | Q66: =IF(COUNTIF(Analysis!$M$2:$M$3001,Analysis!$M66)>1,"Duplicate","OK") -> OK | R66: =IFS( AND(H66>=600, H66<1600),"600-1600", AND(H66>=1600, H66<2600),"1600-2600", AND(H66>=2600, H66<3600),"2600-3600", H66>=3600,"3600+" ) -> 1600-2600 | S66: =year(TODAY())-J66 -> 71 | T66: =ifs(AND(S66>=0,S66<=10),"New",AND(S66>10,S66<=30),"Mid",AND(S66>30,S66<=60),"Old",S66>60,"Very Old") -> Very Old | BH66: =IFERROR(__xludf.DUMMYFUNCTION("""COMPUTED_VALUE"""),308811.0) -> 308811 | BI66: =IFERROR(__xludf.DUMMYFUNCTION("""COMPUTED_VALUE"""),"4421 Pine Rd, Los Angeles, CA 88307") -> 4421 Pine Rd, Los Angeles, CA 88307 | BJ66: =IFERROR(__xludf.DUMMYFUNCTION("""COMPUTED_VALUE"""),"Los Angeles") -> Los Angeles | BK66: =IFERROR(__xludf.DUMMYFUNCTION("""COMPUTED_VALUE"""),88307.0) -> 88307 | BL66: =IFERROR(__xludf.DUMMYFUNCTION("""COMPUTED_VALUE"""),"CA") -> CA | BM66: =IFERROR(__xludf.DUMMYFUNCTION("""COMPUTED_VALUE"""),"3 bds") -> 3 bds | BN66: =IFERROR(__xludf.DUMMYFUNCTION("""COMPUTED_VALUE"""),"4 ba") -> 4 ba | BO66: =IFERROR(__xludf.DUMMYFUNCTION("""COMPUTED_VALUE"""),3689.0) -> 3689 | BP66: =IFERROR(__xludf.DUMMYFUNCTION("""COMPUTED_VALUE"""),9518.0) -> 9518 | BQ66: =IFERROR(__xludf.DUMMYFUNCTION("""COMPUTED_VALUE"""),2002.0) -> 2002 | BR66: =IFERROR(__xludf.DUMMYFUNCTION("""COMPUTED_VALUE"""),33.0) -> 33 | BS66: =IFERROR(__xludf.DUMMYFUNCTION("""COMPUTED_VALUE"""),"Multi-Family") -> Multi-Family | BT66: =IFERROR(__xludf.DUMMYFUNCTION("""COMPUTED_VALUE"""),"Z889155") -> Z889155 | BU66: =IFERROR(__xludf.DUMMYFUNCTION("""COMPUTED_VALUE"""),"Alex Johnson - Compass") -> Alex Johnson - Compass | BV66: =IFERROR(__xludf.DUMMYFUNCTION("""COMPUTED_VALUE"""),"Sold") -> Sold | BW66: =IFERROR(__xludf.DUMMYFUNCTION("""COMPUTED_VALUE"""),1.0) -> 1 | BX66: =IFERROR(__xludf.DUMMYFUNCTION("""COMPUTED_VALUE"""),"OK") -> OK | BY66: =IFERROR(__xludf.DUMMYFUNCTION("""COMPUTED_VALUE"""),"3600+") -> 3600+ | BZ66: =IFERROR(__xludf.DUMMYFUNCTION("""COMPUTED_VALUE"""),24.0) -> 24 | CA66: =IFERROR(__xludf.DUMMYFUNCTION("""COMPUTED_VALUE"""),"Mid") -> Mid
A67: 1142134 | B67: 154 Main St, Los Angeles, NY 76220 | C67: Los Angeles | D67: 76220 | E67: NY | F67: 2 bds | G67: 3 ba | H67: 3515 | I67: 6385 | J67: 2018 | K67: 49 | L67: Multi-Family | M67: Z448583 | N67: Alex Johnson - Compass | O67: Pending | P67: =COUNTIF(Analysis!$M$1:$M$3001,Analysis!$M67) -> 1 | Q67: =IF(COUNTIF(Analysis!$M$2:$M$3001,Analysis!$M67)>1,"Duplicate","OK") -> OK | R67: =IFS( AND(H67>=600, H67<1600),"600-1600", AND(H67>=1600, H67<2600),"1600-2600", AND(H67>=2600, H67<3600),"2600-3600", H67>=3600,"3600+" ) -> 2600-3600 | S67: =year(TODAY())-J67 -> 8 | T67: =ifs(AND(S67>=0,S67<=10),"New",AND(S67>10,S67<=30),"Mid",AND(S67>30,S67<=60),"Old",S67>60,"Very Old") -> New | BH67: =IFERROR(__xludf.DUMMYFUNCTION("""COMPUTED_VALUE"""),975466.0) -> 975466 | BI67: =IFERROR(__xludf.DUMMYFUNCTION("""COMPUTED_VALUE"""),"9456 Maple Dr, San Diego, TX 33841") -> 9456 Maple Dr, San Diego, TX 33841 | BJ67: =IFERROR(__xludf.DUMMYFUNCTION("""COMPUTED_VALUE"""),"San Diego") -> San Diego | BK67: =IFERROR(__xludf.DUMMYFUNCTION("""COMPUTED_VALUE"""),33841.0) -> 33841 | BL67: =IFERROR(__xludf.DUMMYFUNCTION("""COMPUTED_VALUE"""),"TX") -> TX | BM67: =IFERROR(__xludf.DUMMYFUNCTION("""COMPUTED_VALUE"""),"4 bds") -> 4 bds | BN67: =IFERROR(__xludf.DUMMYFUNCTION("""COMPUTED_VALUE"""),"1 ba") -> 1 ba | BO67: =IFERROR(__xludf.DUMMYFUNCTION("""COMPUTED_VALUE"""),2991.0) -> 2991 | BP67: =IFERROR(__xludf.DUMMYFUNCTION("""COMPUTED_VALUE"""),1778.0) -> 1778 | BQ67: =IFERROR(__xludf.DUMMYFUNCTION("""COMPUTED_VALUE"""),1965.0) -> 1965 | BR67: =IFERROR(__xludf.DUMMYFUNCTION("""COMPUTED_VALUE"""),74.0) -> 74 | BS67: =IFERROR(__xludf.DUMMYFUNCTION("""COMPUTED_VALUE"""),"Townhouse") -> Townhouse | BT67: =IFERROR(__xludf.DUMMYFUNCTION("""COMPUTED_VALUE"""),"Z504458") -> Z504458 | BU67: =IFERROR(__xludf.DUMMYFUNCTION("""COMPUTED_VALUE"""),"Alex Johnson - Compass") -> Alex Johnson - Compass | BV67: =IFERROR(__xludf.DUMMYFUNCTION("""COMPUTED_VALUE"""),"Sold") -> Sold | BW67: =IFERROR(__xludf.DUMMYFUNCTION("""COMPUTED_VALUE"""),1.0) -> 1 | BX67: =IFERROR(__xludf.DUMMYFUNCTION("""COMPUTED_VALUE"""),"OK") -> OK | BY67: =IFERROR(__xludf.DUMMYFUNCTION("""COMPUTED_VALUE"""),"2600-3600") -> 2600-3600 | BZ67: =IFERROR(__xludf.DUMMYFUNCTION("""COMPUTED_VALUE"""),61.0) -> 61 | CA67: =IFERROR(__xludf.DUMMYFUNCTION("""COMPUTED_VALUE"""),"Very Old") -> Very Old
A68: 929862 | B68: 9343 Maple Dr, Sacramento, NY 27909 | C68: Sacramento | D68: 27909 | E68: NY | F68: 3 bds | G68: 1 ba | H68: 1640 | I68: 2571 | J68: 1950 | K68: 58 | L68: Multi-Family | M68: Z235580 | N68: John Doe - RE/MAX | O68: Sold | P68: =COUNTIF(Analysis!$M$1:$M$3001,Analysis!$M68) -> 1 | Q68: =IF(COUNTIF(Analysis!$M$2:$M$3001,Analysis!$M68)>1,"Duplicate","OK") -> OK | R68: =IFS( AND(H68>=600, H68<1600),"600-1600", AND(H68>=1600, H68<2600),"1600-2600", AND(H68>=2600, H68<3600),"2600-3600", H68>=3600,"3600+" ) -> 1600-2600 | S68: =year(TODAY())-J68 -> 76 | T68: =ifs(AND(S68>=0,S68<=10),"New",AND(S68>10,S68<=30),"Mid",AND(S68>30,S68<=60),"Old",S68>60,"Very Old") -> Very Old | BH68: =IFERROR(__xludf.DUMMYFUNCTION("""COMPUTED_VALUE"""),373698.0) -> 373698 | BI68: =IFERROR(__xludf.DUMMYFUNCTION("""COMPUTED_VALUE"""),"4432 Pine Rd, Los Angeles, IL 90010") -> 4432 Pine Rd, Los Angeles, IL 90010 | BJ68: =IFERROR(__xludf.DUMMYFUNCTION("""COMPUTED_VALUE"""),"Los Angeles") -> Los Angeles | BK68: =IFERROR(__xludf.DUMMYFUNCTION("""COMPUTED_VALUE"""),90010.0) -> 90010 | BL68: =IFERROR(__xludf.DUMMYFUNCTION("""COMPUTED_VALUE"""),"IL") -> IL | BM68: =IFERROR(__xludf.DUMMYFUNCTION("""COMPUTED_VALUE"""),"5 bds") -> 5 bds | BN68: =IFERROR(__xludf.DUMMYFUNCTION("""COMPUTED_VALUE"""),"3 ba") -> 3 ba | BO68: =IFERROR(__xludf.DUMMYFUNCTION("""COMPUTED_VALUE"""),3579.0) -> 3579 | BP68: =IFERROR(__xludf.DUMMYFUNCTION("""COMPUTED_VALUE"""),2532.0) -> 2532 | BQ68: =IFERROR(__xludf.DUMMYFUNCTION("""COMPUTED_VALUE"""),1955.0) -> 1955 | BR68: =IFERROR(__xludf.DUMMYFUNCTION("""COMPUTED_VALUE"""),118.0) -> 118 | BS68: =IFERROR(__xludf.DUMMYFUNCTION("""COMPUTED_VALUE"""),"Apartment") -> Apartment | BT68: =IFERROR(__xludf.DUMMYFUNCTION("""COMPUTED_VALUE"""),"Z437341") -> Z437341 | BU68: =IFERROR(__xludf.DUMMYFUNCTION("""COMPUTED_VALUE"""),"Alex Johnson - Compass") -> Alex Johnson - Compass | BV68: =IFERROR(__xludf.DUMMYFUNCTION("""COMPUTED_VALUE"""),"Sold") -> Sold | BW68: =IFERROR(__xludf.DUMMYFUNCTION("""COMPUTED_VALUE"""),1.0) -> 1 | BX68: =IFERROR(__xludf.DUMMYFUNCTION("""COMPUTED_VALUE"""),"OK") -> OK | BY68: =IFERROR(__xludf.DUMMYFUNCTION("""COMPUTED_VALUE"""),"2600-3600") -> 2600-3600 | BZ68: =IFERROR(__xludf.DUMMYFUNCTION("""COMPUTED_VALUE"""),71.0) -> 71 | CA68: =IFERROR(__xludf.DUMMYFUNCTION("""COMPUTED_VALUE"""),"Very Old") -> Very Old
A69: 110097 | B69: 1777 Elm St, Fresno, IL 11996 | C69: Fresno | D69: 11996 | E69: IL | F69: 5 bds | G69: 2 ba | H69: 1398 | I69: 8381 | J69: 1962 | K69: 47 | L69: Condo | M69: Z533666 | N69: John Doe - RE/MAX | O69: Pending | P69: =COUNTIF(Analysis!$M$1:$M$3001,Analysis!$M1315) -> 1 | Q69: =IF(COUNTIF(Analysis!$M$2:$M$3001,Analysis!$M1315)>1,"Duplicate","OK") -> OK | R69: =IFS( AND(H69>=600, H69<1600),"600-1600", AND(H69>=1600, H69<2600),"1600-2600", AND(H69>=2600, H69<3600),"2600-3600", H69>=3600,"3600+" ) -> 600-1600 | S69: =year(TODAY())-J69 -> 64 | T69: =ifs(AND(S69>=0,S69<=10),"New",AND(S69>10,S69<=30),"Mid",AND(S69>30,S69<=60),"Old",S69>60,"Very Old") -> Very Old | BH69: =IFERROR(__xludf.DUMMYFUNCTION("""COMPUTED_VALUE"""),923080.0) -> 923080 | BI69: =IFERROR(__xludf.DUMMYFUNCTION("""COMPUTED_VALUE"""),"8083 Oak Ave, Los Angeles, IL 23668") -> 8083 Oak Ave, Los Angeles, IL 23668 | BJ69: =IFERROR(__xludf.DUMMYFUNCTION("""COMPUTED_VALUE"""),"Los Angeles") -> Los Angeles | BK69: =IFERROR(__xludf.DUMMYFUNCTION("""COMPUTED_VALUE"""),23668.0) -> 23668 | BL69: =IFERROR(__xludf.DUMMYFUNCTION("""COMPUTED_VALUE"""),"IL") -> IL | BM69: =IFERROR(__xludf.DUMMYFUNCTION("""COMPUTED_VALUE"""),"3 bds") -> 3 bds | BN69: =IFERROR(__xludf.DUMMYFUNCTION("""COMPUTED_VALUE"""),"2 ba") -> 2 ba | BO69: =IFERROR(__xludf.DUMMYFUNCTION("""COMPUTED_VALUE"""),2742.0) -> 2742 | BP69: =IFERROR(__xludf.DUMMYFUNCTION("""COMPUTED_VALUE"""),2878.0) -> 2878 | BQ69: =IFERROR(__xludf.DUMMYFUNCTION("""COMPUTED_VALUE"""),1951.0) -> 1951 | BR69: =IFERROR(__xludf.DUMMYFUNCTION("""COMPUTED_VALUE"""),67.0) -> 67 | BS69: =IFERROR(__xludf.DUMMYFUNCTION("""COMPUTED_VALUE"""),"Condo") -> Condo | BT69: =IFERROR(__xludf.DUMMYFUNCTION("""COMPUTED_VALUE"""),"Z542462") -> Z542462 | BU69: =IFERROR(__xludf.DUMMYFUNCTION("""COMPUTED_VALUE"""),"Alex Johnson - Compass") -> Alex Johnson - Compass | BV69: =IFERROR(__xludf.DUMMYFUNCTION("""COMPUTED_VALUE"""),"Sold") -> Sold | BW69: =IFERROR(__xludf.DUMMYFUNCTION("""COMPUTED_VALUE"""),1.0) -> 1 | BX69: =IFERROR(__xludf.DUMMYFUNCTION("""COMPUTED_VALUE"""),"OK") -> OK | BY69: =IFERROR(__xludf.DUMMYFUNCTION("""COMPUTED_VALUE"""),"2600-3600") -> 2600-3600 | BZ69: =IFERROR(__xludf.DUMMYFUNCTION("""COMPUTED_VALUE"""),75.0) -> 75 | CA69: =IFERROR(__xludf.DUMMYFUNCTION("""COMPUTED_VALUE"""),"Very Old") -> Very Old
A70: 282593 | B70: 8789 Oak Ave, San Francisco, TX 99388 | C70: San Francisco | D70: 99388 | E70: TX | F70: 6 bds | G70: 2 ba | H70: 2153 | I70: 6999 | J70: 1977 | K70: 31 | L70: Single Family | M70: Z620042 | N70: Alex Johnson - Compass | O70: Sold | P70: =COUNTIF(Analysis!$M$1:$M$3001,Analysis!$M70) -> 1 | Q70: =IF(COUNTIF(Analysis!$M$2:$M$3001,Analysis!$M70)>1,"Duplicate","OK") -> OK | R70: =IFS( AND(H70>=600, H70<1600),"600-1600", AND(H70>=1600, H70<2600),"1600-2600", AND(H70>=2600, H70<3600),"2600-3600", H70>=3600,"3600+" ) -> 1600-2600 | S70: =year(TODAY())-J70 -> 49 | T70: =ifs(AND(S70>=0,S70<=10),"New",AND(S70>10,S70<=30),"Mid",AND(S70>30,S70<=60),"Old",S70>60,"Very Old") -> Old | BH70: =IFERROR(__xludf.DUMMYFUNCTION("""COMPUTED_VALUE"""),493145.0) -> 493145 | BI70: =IFERROR(__xludf.DUMMYFUNCTION("""COMPUTED_VALUE"""),"9227 Maple Dr, Fresno, TX 95106") -> 9227 Maple Dr, Fresno, TX 95106 | BJ70: =IFERROR(__xludf.DUMMYFUNCTION("""COMPUTED_VALUE"""),"Fresno") -> Fresno | BK70: =IFERROR(__xludf.DUMMYFUNCTION("""COMPUTED_VALUE"""),95106.0) -> 95106 | BL70: =IFERROR(__xludf.DUMMYFUNCTION("""COMPUTED_VALUE"""),"TX") -> TX | BM70: =IFERROR(__xludf.DUMMYFUNCTION("""COMPUTED_VALUE"""),"5 bds") -> 5 bds | BN70: =IFERROR(__xludf.DUMMYFUNCTION("""COMPUTED_VALUE"""),"2 ba") -> 2 ba | BO70: =IFERROR(__xludf.DUMMYFUNCTION("""COMPUTED_VALUE"""),2880.0) -> 2880 | BP70: =IFERROR(__xludf.DUMMYFUNCTION("""COMPUTED_VALUE"""),2593.0) -> 2593 | BQ70: =IFERROR(__xludf.DUMMYFUNCTION("""COMPUTED_VALUE"""),1981.0) -> 1981 | BR70: =IFERROR(__xludf.DUMMYFUNCTION("""COMPUTED_VALUE"""),82.0) -> 82 | BS70: =IFERROR(__xludf.DUMMYFUNCTION("""COMPUTED_VALUE"""),"Condo") -> Condo | BT70: =IFERROR(__xludf.DUMMYFUNCTION("""COMPUTED_VALUE"""),"Z864815") -> Z864815 | BU70: =IFERROR(__xludf.DUMMYFUNCTION("""COMPUTED_VALUE"""),"Alex Johnson - Compass") -> Alex Johnson - Compass | BV70: =IFERROR(__xludf.DUMMYFUNCTION("""COMPUTED_VALUE"""),"Sold") -> Sold | BW70: =IFERROR(__xludf.DUMMYFUNCTION("""COMPUTED_VALUE"""),1.0) -> 1 | BX70: =IFERROR(__xludf.DUMMYFUNCTION("""COMPUTED_VALUE"""),"OK") -> OK | BY70: =IFERROR(__xludf.DUMMYFUNCTION("""COMPUTED_VALUE"""),"2600-3600") -> 2600-3600 | BZ70: =IFERROR(__xludf.DUMMYFUNCTION("""COMPUTED_VALUE"""),45.0) -> 45 | CA70: =IFERROR(__xludf.DUMMYFUNCTION("""COMPUTED_VALUE"""),"Old") -> Old
A71: 390371 | B71: 524 Elm St, Sacramento, NY 74756 | C71: Sacramento | D71: 74756 | E71: NY | F71: 5 bds | G71: 4 ba | H71: 3539 | I71: 9313 | J71: 1985 | K71: 47 | L71: Multi-Family | M71: Z449768 | N71: Emily Davis - Century 21 | O71: Pending | P71: =COUNTIF(Analysis!$M$1:$M$3001,Analysis!$M71) -> 1 | Q71: =IF(COUNTIF(Analysis!$M$2:$M$3001,Analysis!$M71)>1,"Duplicate","OK") -> OK | R71: =IFS( AND(H71>=600, H71<1600),"600-1600", AND(H71>=1600, H71<2600),"1600-2600", AND(H71>=2600, H71<3600),"2600-3600", H71>=3600,"3600+" ) -> 2600-3600 | S71: =year(TODAY())-J71 -> 41 | T71: =ifs(AND(S71>=0,S71<=10),"New",AND(S71>10,S71<=30),"Mid",AND(S71>30,S71<=60),"Old",S71>60,"Very Old") -> Old | BH71: =IFERROR(__xludf.DUMMYFUNCTION("""COMPUTED_VALUE"""),506109.0) -> 506109 | BI71: =IFERROR(__xludf.DUMMYFUNCTION("""COMPUTED_VALUE"""),"6631 Main St, Fresno, TX 46866") -> 6631 Main St, Fresno, TX 46866 | BJ71: =IFERROR(__xludf.DUMMYFUNCTION("""COMPUTED_VALUE"""),"Fresno") -> Fresno | BK71: =IFERROR(__xludf.DUMMYFUNCTION("""COMPUTED_VALUE"""),46866.0) -> 46866 | BL71: =IFERROR(__xludf.DUMMYFUNCTION("""COMPUTED_VALUE"""),"TX") -> TX | BM71: =IFERROR(__xludf.DUMMYFUNCTION("""COMPUTED_VALUE"""),"4 bds") -> 4 bds | BN71: =IFERROR(__xludf.DUMMYFUNCTION("""COMPUTED_VALUE"""),"3 ba") -> 3 ba | BO71: =IFERROR(__xludf.DUMMYFUNCTION("""COMPUTED_VALUE"""),1410.0) -> 1410 | BP71: =IFERROR(__xludf.DUMMYFUNCTION("""COMPUTED_VALUE"""),7928.0) -> 7928 | BQ71: =IFERROR(__xludf.DUMMYFUNCTION("""COMPUTED_VALUE"""),1981.0) -> 1981 | BR71: =IFERROR(__xludf.DUMMYFUNCTION("""COMPUTED_VALUE"""),88.0) -> 88 | BS71: =IFERROR(__xludf.DUMMYFUNCTION("""COMPUTED_VALUE"""),"Townhouse") -> Townhouse | BT71: =IFERROR(__xludf.DUMMYFUNCTION("""COMPUTED_VALUE"""),"Z992053") -> Z992053 | BU71: =IFERROR(__xludf.DUMMYFUNCTION("""COMPUTED_VALUE"""),"Alex Johnson - Compass") -> Alex Johnson - Compass | BV71: =IFERROR(__xludf.DUMMYFUNCTION("""COMPUTED_VALUE"""),"Sold") -> Sold | BW71: =IFERROR(__xludf.DUMMYFUNCTION("""COMPUTED_VALUE"""),1.0) -> 1 | BX71: =IFERROR(__xludf.DUMMYFUNCTION("""COMPUTED_VALUE"""),"OK") -> OK | BY71: =IFERROR(__xludf.DUMMYFUNCTION("""COMPUTED_VALUE"""),"600-1600") -> 600-1600 | BZ71: =IFERROR(__xludf.DUMMYFUNCTION("""COMPUTED_VALUE"""),45.0) -> 45 | CA71: =IFERROR(__xludf.DUMMYFUNCTION("""COMPUTED_VALUE"""),"Old") -> Old
A72: 1103898 | B72: 8234 Elm St, Sacramento, TX 36251 | C72: Sacramento | D72: 36251 | E72: TX | F72: 2 bds | G72: 1 ba | H72: 1088 | I72: 4186 | J72: 1983 | K72: 58 | L72: Multi-Family | M72: Z738821 | N72: John Doe - RE/MAX | O72: Sold | P72: =COUNTIF(Analysis!$M$1:$M$3001,Analysis!$M72) -> 1 | Q72: =IF(COUNTIF(Analysis!$M$2:$M$3001,Analysis!$M72)>1,"Duplicate","OK") -> OK | R72: =IFS( AND(H72>=600, H72<1600),"600-1600", AND(H72>=1600, H72<2600),"1600-2600", AND(H72>=2600, H72<3600),"2600-3600", H72>=3600,"3600+" ) -> 600-1600 | S72: =year(TODAY())-J72 -> 43 | T72: =ifs(AND(S72>=0,S72<=10),"New",AND(S72>10,S72<=30),"Mid",AND(S72>30,S72<=60),"Old",S72>60,"Very Old") -> Old | BH72: =IFERROR(__xludf.DUMMYFUNCTION("""COMPUTED_VALUE"""),512474.0) -> 512474 | BI72: =IFERROR(__xludf.DUMMYFUNCTION("""COMPUTED_VALUE"""),"6829 Main St, Fresno, TX 58601") -> 6829 Main St, Fresno, TX 58601 | BJ72: =IFERROR(__xludf.DUMMYFUNCTION("""COMPUTED_VALUE"""),"Fresno") -> Fresno | BK72: =IFERROR(__xludf.DUMMYFUNCTION("""COMPUTED_VALUE"""),58601.0) -> 58601 | BL72: =IFERROR(__xludf.DUMMYFUNCTION("""COMPUTED_VALUE"""),"TX") -> TX | BM72: =IFERROR(__xludf.DUMMYFUNCTION("""COMPUTED_VALUE"""),"5 bds") -> 5 bds | BN72: =IFERROR(__xludf.DUMMYFUNCTION("""COMPUTED_VALUE"""),"3 ba") -> 3 ba | BO72: =IFERROR(__xludf.DUMMYFUNCTION("""COMPUTED_VALUE"""),1228.0) -> 1228 | BP72: =IFERROR(__xludf.DUMMYFUNCTION("""COMPUTED_VALUE"""),1347.0) -> 1347 | BQ72: =IFERROR(__xludf.DUMMYFUNCTION("""COMPUTED_VALUE"""),2004.0) -> 2004 | BR72: =IFERROR(__xludf.DUMMYFUNCTION("""COMPUTED_VALUE"""),69.0) -> 69 | BS72: =IFERROR(__xludf.DUMMYFUNCTION("""COMPUTED_VALUE"""),"Single Family") -> Single Family | BT72: =IFERROR(__xludf.DUMMYFUNCTION("""COMPUTED_VALUE"""),"Z823642") -> Z823642 | BU72: =IFERROR(__xludf.DUMMYFUNCTION("""COMPUTED_VALUE"""),"Alex Johnson - Compass") -> Alex Johnson - Compass | BV72: =IFERROR(__xludf.DUMMYFUNCTION("""COMPUTED_VALUE"""),"Sold") -> Sold | BW72: =IFERROR(__xludf.DUMMYFUNCTION("""COMPUTED_VALUE"""),1.0) -> 1 | BX72: =IFERROR(__xludf.DUMMYFUNCTION("""COMPUTED_VALUE"""),"OK") -> OK | BY72: =IFERROR(__xludf.DUMMYFUNCTION("""COMPUTED_VALUE"""),"600-1600") -> 600-1600 | BZ72: =IFERROR(__xludf.DUMMYFUNCTION("""COMPUTED_VALUE"""),22.0) -> 22 | CA72: =IFERROR(__xludf.DUMMYFUNCTION("""COMPUTED_VALUE"""),"Mid") -> Mid
A73: 114286 | B73: 788 Oak Ave, Fresno, TX 95641 | C73: Fresno | D73: 95641 | E73: TX | F73: 3 bds | G73: 4 ba | H73: 1970 | I73: 7313 | J73: 2007 | K73: 18 | L73: Single Family | M73: Z329052 | N73: John Doe - RE/MAX | O73: Sold | P73: =COUNTIF(Analysis!$M$1:$M$3001,Analysis!$M856) -> 1 | Q73: =IF(COUNTIF(Analysis!$M$2:$M$3001,Analysis!$M856)>1,"Duplicate","OK") -> OK | R73: =IFS( AND(H73>=600, H73<1600),"600-1600", AND(H73>=1600, H73<2600),"1600-2600", AND(H73>=2600, H73<3600),"2600-3600", H73>=3600,"3600+" ) -> 1600-2600 | S73: =year(TODAY())-J73 -> 19 | T73: =ifs(AND(S73>=0,S73<=10),"New",AND(S73>10,S73<=30),"Mid",AND(S73>30,S73<=60),"Old",S73>60,"Very Old") -> Mid | BH73: =IFERROR(__xludf.DUMMYFUNCTION("""COMPUTED_VALUE"""),779712.0) -> 779712 | BI73: =IFERROR(__xludf.DUMMYFUNCTION("""COMPUTED_VALUE"""),"3285 Main St, San Diego, FL 42387") -> 3285 Main St, San Diego, FL 42387 | BJ73: =IFERROR(__xludf.DUMMYFUNCTION("""COMPUTED_VALUE"""),"San Diego") -> San Diego | BK73: =IFERROR(__xludf.DUMMYFUNCTION("""COMPUTED_VALUE"""),42387.0) -> 42387 | BL73: =IFERROR(__xludf.DUMMYFUNCTION("""COMPUTED_VALUE"""),"FL") -> FL | BM73: =IFERROR(__xludf.DUMMYFUNCTION("""COMPUTED_VALUE"""),"5 bds") -> 5 bds | BN73: =IFERROR(__xludf.DUMMYFUNCTION("""COMPUTED_VALUE"""),"4 ba") -> 4 ba | BO73: =IFERROR(__xludf.DUMMYFUNCTION("""COMPUTED_VALUE"""),3051.0) -> 3051 | BP73: =IFERROR(__xludf.DUMMYFUNCTION("""COMPUTED_VALUE"""),6115.0) -> 6115 | BQ73: =IFERROR(__xludf.DUMMYFUNCTION("""COMPUTED_VALUE"""),2017.0) -> 2017 | BR73: =IFERROR(__xludf.DUMMYFUNCTION("""COMPUTED_VALUE"""),17.0) -> 17 | BS73: =IFERROR(__xludf.DUMMYFUNCTION("""COMPUTED_VALUE"""),"Single Family") -> Single Family | BT73: =IFERROR(__xludf.DUMMYFUNCTION("""COMPUTED_VALUE"""),"Z539871") -> Z539871 | BU73: =IFERROR(__xludf.DUMMYFUNCTION("""COMPUTED_VALUE"""),"Alex Johnson - Compass") -> Alex Johnson - Compass | BV73: =IFERROR(__xludf.DUMMYFUNCTION("""COMPUTED_VALUE"""),"Sold") -> Sold | BW73: =IFERROR(__xludf.DUMMYFUNCTION("""COMPUTED_VALUE"""),1.0) -> 1 | BX73: =IFERROR(__xludf.DUMMYFUNCTION("""COMPUTED_VALUE"""),"OK") -> OK | BY73: =IFERROR(__xludf.DUMMYFUNCTION("""COMPUTED_VALUE"""),"2600-3600") -> 2600-3600 | BZ73: =IFERROR(__xludf.DUMMYFUNCTION("""COMPUTED_VALUE"""),9.0) -> 9 | CA73: =IFERROR(__xludf.DUMMYFUNCTION("""COMPUTED_VALUE"""),"New") -> New
A74: 442170 | B74: 464 Pine Rd, San Francisco, CA 63085 | C74: San Francisco | D74: 63085 | E74: CA | F74: 6 bds | G74: 4 ba | H74: 1647 | I74: 6299 | J74: 2008 | K74: 52 | L74: Apartment | M74: Z193241 | N74: Jane Smith - Keller Williams | O74: Sold | P74: =COUNTIF(Analysis!$M$1:$M$3001,Analysis!$M74) -> 1 | Q74: =IF(COUNTIF(Analysis!$M$2:$M$3001,Analysis!$M74)>1,"Duplicate","OK") -> OK | R74: =IFS( AND(H74>=600, H74<1600),"600-1600", AND(H74>=1600, H74<2600),"1600-2600", AND(H74>=2600, H74<3600),"2600-3600", H74>=3600,"3600+" ) -> 1600-2600 | S74: =year(TODAY())-J74 -> 18 | T74: =ifs(AND(S74>=0,S74<=10),"New",AND(S74>10,S74<=30),"Mid",AND(S74>30,S74<=60),"Old",S74>60,"Very Old") -> Mid | BH74: =IFERROR(__xludf.DUMMYFUNCTION("""COMPUTED_VALUE"""),1246389.0) -> 1246389 | BI74: =IFERROR(__xludf.DUMMYFUNCTION("""COMPUTED_VALUE"""),"3411 Elm St, Sacramento, IL 79757") -> 3411 Elm St, Sacramento, IL 79757 | BJ74: =IFERROR(__xludf.DUMMYFUNCTION("""COMPUTED_VALUE"""),"Sacramento") -> Sacramento | BK74: =IFERROR(__xludf.DUMMYFUNCTION("""COMPUTED_VALUE"""),79757.0) -> 79757 | BL74: =IFERROR(__xludf.DUMMYFUNCTION("""COMPUTED_VALUE"""),"IL") -> IL | BM74: =IFERROR(__xludf.DUMMYFUNCTION("""COMPUTED_VALUE"""),"3 bds") -> 3 bds | BN74: =IFERROR(__xludf.DUMMYFUNCTION("""COMPUTED_VALUE"""),"3 ba") -> 3 ba | BO74: =IFERROR(__xludf.DUMMYFUNCTION("""COMPUTED_VALUE"""),1724.0) -> 1724 | BP74: =IFERROR(__xludf.DUMMYFUNCTION("""COMPUTED_VALUE"""),1272.0) -> 1272 | BQ74: =IFERROR(__xludf.DUMMYFUNCTION("""COMPUTED_VALUE"""),2003.0) -> 2003 | BR74: =IFERROR(__xludf.DUMMYFUNCTION("""COMPUTED_VALUE"""),100.0) -> 100 | BS74: =IFERROR(__xludf.DUMMYFUNCTION("""COMPUTED_VALUE"""),"Townhouse") -> Townhouse | BT74: =IFERROR(__xludf.DUMMYFUNCTION("""COMPUTED_VALUE"""),"Z297688") -> Z297688 | BU74: =IFERROR(__xludf.DUMMYFUNCTION("""COMPUTED_VALUE"""),"Alex Johnson - Compass") -> Alex Johnson - Compass | BV74: =IFERROR(__xludf.DUMMYFUNCTION("""COMPUTED_VALUE"""),"Sold") -> Sold | BW74: =IFERROR(__xludf.DUMMYFUNCTION("""COMPUTED_VALUE"""),1.0) -> 1 | BX74: =IFERROR(__xludf.DUMMYFUNCTION("""COMPUTED_VALUE"""),"OK") -> OK | BY74: =IFERROR(__xludf.DUMMYFUNCTION("""COMPUTED_VALUE"""),"1600-2600") -> 1600-2600 | BZ74: =IFERROR(__xludf.DUMMYFUNCTION("""COMPUTED_VALUE"""),23.0) -> 23 | CA74: =IFERROR(__xludf.DUMMYFUNCTION("""COMPUTED_VALUE"""),"Mid") -> Mid
A75: 1081035 | B75: 7627 Main St, Los Angeles, NY 23864 | C75: Los Angeles | D75: 23864 | E75: NY | F75: 5 bds | G75: 4 ba | H75: 2892 | I75: 8833 | J75: 2002 | K75: 52 | L75: Multi-Family | M75: Z142018 | N75: Mike Lee - Coldwell Banker | O75: For Sale | P75: =COUNTIF(Analysis!$M$1:$M$3001,Analysis!$M75) -> 1 | Q75: =IF(COUNTIF(Analysis!$M$2:$M$3001,Analysis!$M75)>1,"Duplicate","OK") -> OK | R75: =IFS( AND(H75>=600, H75<1600),"600-1600", AND(H75>=1600, H75<2600),"1600-2600", AND(H75>=2600, H75<3600),"2600-3600", H75>=3600,"3600+" ) -> 2600-3600 | S75: =year(TODAY())-J75 -> 24 | T75: =ifs(AND(S75>=0,S75<=10),"New",AND(S75>10,S75<=30),"Mid",AND(S75>30,S75<=60),"Old",S75>60,"Very Old") -> Mid | BH75: =IFERROR(__xludf.DUMMYFUNCTION("""COMPUTED_VALUE"""),518811.0) -> 518811 | BI75: =IFERROR(__xludf.DUMMYFUNCTION("""COMPUTED_VALUE"""),"3894 Pine Rd, Fresno, NY 65592") -> 3894 Pine Rd, Fresno, NY 65592 | BJ75: =IFERROR(__xludf.DUMMYFUNCTION("""COMPUTED_VALUE"""),"Fresno") -> Fresno | BK75: =IFERROR(__xludf.DUMMYFUNCTION("""COMPUTED_VALUE"""),65592.0) -> 65592 | BL75: =IFERROR(__xludf.DUMMYFUNCTION("""COMPUTED_VALUE"""),"NY") -> NY | BM75: =IFERROR(__xludf.DUMMYFUNCTION("""COMPUTED_VALUE"""),"3 bds") -> 3 bds | BN75: =IFERROR(__xludf.DUMMYFUNCTION("""COMPUTED_VALUE"""),"4 ba") -> 4 ba | BO75: =IFERROR(__xludf.DUMMYFUNCTION("""COMPUTED_VALUE"""),2819.0) -> 2819 | BP75: =IFERROR(__xludf.DUMMYFUNCTION("""COMPUTED_VALUE"""),7024.0) -> 7024 | BQ75: =IFERROR(__xludf.DUMMYFUNCTION("""COMPUTED_VALUE"""),1988.0) -> 1988 | BR75: =IFERROR(__xludf.DUMMYFUNCTION("""COMPUTED_VALUE"""),12.0) -> 12 | BS75: =IFERROR(__xludf.DUMMYFUNCTION("""COMPUTED_VALUE"""),"Condo") -> Condo | BT75: =IFERROR(__xludf.DUMMYFUNCTION("""COMPUTED_VALUE"""),"Z575631") -> Z575631 | BU75: =IFERROR(__xludf.DUMMYFUNCTION("""COMPUTED_VALUE"""),"Alex Johnson - Compass") -> Alex Johnson - Compass | BV75: =IFERROR(__xludf.DUMMYFUNCTION("""COMPUTED_VALUE"""),"Sold") -> Sold | BW75: =IFERROR(__xludf.DUMMYFUNCTION("""COMPUTED_VALUE"""),1.0) -> 1 | BX75: =IFERROR(__xludf.DUMMYFUNCTION("""COMPUTED_VALUE"""),"OK") -> OK | BY75: =IFERROR(__xludf.DUMMYFUNCTION("""COMPUTED_VALUE"""),"2600-3600") -> 2600-3600 | BZ75: =IFERROR(__xludf.DUMMYFUNCTION("""COMPUTED_VALUE"""),38.0) -> 38 | CA75: =IFERROR(__xludf.DUMMYFUNCTION("""COMPUTED_VALUE"""),"Old") -> Old
A76: 121284 | B76: 3323 Maple Dr, Fresno, FL 52256 | C76: Fresno | D76: 52256 | E76: FL | F76: 6 bds | G76: 3 ba | H76: 3267 | I76: 8097 | J76: 1998 | K76: 116 | L76: Single Family | M76: Z322685 | N76: John Doe - RE/MAX | O76: Sold | P76: =COUNTIF(Analysis!$M$1:$M$3001,Analysis!$M192) -> 1 | Q76: =IF(COUNTIF(Analysis!$M$2:$M$3001,Analysis!$M192)>1,"Duplicate","OK") -> OK | R76: =IFS( AND(H76>=600, H76<1600),"600-1600", AND(H76>=1600, H76<2600),"1600-2600", AND(H76>=2600, H76<3600),"2600-3600", H76>=3600,"3600+" ) -> 2600-3600 | S76: =year(TODAY())-J76 -> 28 | T76: =ifs(AND(S76>=0,S76<=10),"New",AND(S76>10,S76<=30),"Mid",AND(S76>30,S76<=60),"Old",S76>60,"Very Old") -> Mid | BH76: =IFERROR(__xludf.DUMMYFUNCTION("""COMPUTED_VALUE"""),1458463.0) -> 1458463 | BI76: =IFERROR(__xludf.DUMMYFUNCTION("""COMPUTED_VALUE"""),"5971 Maple Dr, Los Angeles, NY 37866") -> 5971 Maple Dr, Los Angeles, NY 37866 | BJ76: =IFERROR(__xludf.DUMMYFUNCTION("""COMPUTED_VALUE"""),"Los Angeles") -> Los Angeles | BK76: =IFERROR(__xludf.DUMMYFUNCTION("""COMPUTED_VALUE"""),37866.0) -> 37866 | BL76: =IFERROR(__xludf.DUMMYFUNCTION("""COMPUTED_VALUE"""),"NY") -> NY | BM76: =IFERROR(__xludf.DUMMYFUNCTION("""COMPUTED_VALUE"""),"2 bds") -> 2 bds | BN76: =IFERROR(__xludf.DUMMYFUNCTION("""COMPUTED_VALUE"""),"2 ba") -> 2 ba | BO76: =IFERROR(__xludf.DUMMYFUNCTION("""COMPUTED_VALUE"""),2244.0) -> 2244 | BP76: =IFERROR(__xludf.DUMMYFUNCTION("""COMPUTED_VALUE"""),6626.0) -> 6626 | BQ76: =IFERROR(__xludf.DUMMYFUNCTION("""COMPUTED_VALUE"""),1960.0) -> 1960 | BR76: =IFERROR(__xludf.DUMMYFUNCTION("""COMPUTED_VALUE"""),6.0) -> 6 | BS76: =IFERROR(__xludf.DUMMYFUNCTION("""COMPUTED_VALUE"""),"Multi-Family") -> Multi-Family | BT76: =IFERROR(__xludf.DUMMYFUNCTION("""COMPUTED_VALUE"""),"Z686634") -> Z686634 | BU76: =IFERROR(__xludf.DUMMYFUNCTION("""COMPUTED_VALUE"""),"Alex Johnson - Compass") -> Alex Johnson - Compass | BV76: =IFERROR(__xludf.DUMMYFUNCTION("""COMPUTED_VALUE"""),"Sold") -> Sold | BW76: =IFERROR(__xludf.DUMMYFUNCTION("""COMPUTED_VALUE"""),1.0) -> 1 | BX76: =IFERROR(__xludf.DUMMYFUNCTION("""COMPUTED_VALUE"""),"OK") -> OK | BY76: =IFERROR(__xludf.DUMMYFUNCTION("""COMPUTED_VALUE"""),"1600-2600") -> 1600-2600 | BZ76: =IFERROR(__xludf.DUMMYFUNCTION("""COMPUTED_VALUE"""),66.0) -> 66 | CA76: =IFERROR(__xludf.DUMMYFUNCTION("""COMPUTED_VALUE"""),"Very Old") -> Very Old
A77: 754480 | B77: 522 Main St, San Diego, IL 83545 | C77: San Diego | D77: 83545 | E77: IL | F77: 1 bds | G77: 4 ba | H77: 2042 | I77: 4863 | J77: 1958 | K77: 120 | L77: Multi-Family | M77: Z763768 | N77: Alex Johnson - Compass | O77: Pending | P77: =COUNTIF(Analysis!$M$1:$M$3001,Analysis!$M77) -> 1 | Q77: =IF(COUNTIF(Analysis!$M$2:$M$3001,Analysis!$M77)>1,"Duplicate","OK") -> OK | R77: =IFS( AND(H77>=600, H77<1600),"600-1600", AND(H77>=1600, H77<2600),"1600-2600", AND(H77>=2600, H77<3600),"2600-3600", H77>=3600,"3600+" ) -> 1600-2600 | S77: =year(TODAY())-J77 -> 68 | T77: =ifs(AND(S77>=0,S77<=10),"New",AND(S77>10,S77<=30),"Mid",AND(S77>30,S77<=60),"Old",S77>60,"Very Old") -> Very Old | BH77: =IFERROR(__xludf.DUMMYFUNCTION("""COMPUTED_VALUE"""),431967.0) -> 431967 | BI77: =IFERROR(__xludf.DUMMYFUNCTION("""COMPUTED_VALUE"""),"4808 Elm St, San Francisco, FL 79165") -> 4808 Elm St, San Francisco, FL 79165 | BJ77: =IFERROR(__xludf.DUMMYFUNCTION("""COMPUTED_VALUE"""),"San Francisco") -> San Francisco | BK77: =IFERROR(__xludf.DUMMYFUNCTION("""COMPUTED_VALUE"""),79165.0) -> 79165 | BL77: =IFERROR(__xludf.DUMMYFUNCTION("""COMPUTED_VALUE"""),"FL") -> FL | BM77: =IFERROR(__xludf.DUMMYFUNCTION("""COMPUTED_VALUE"""),"5 bds") -> 5 bds | BN77: =IFERROR(__xludf.DUMMYFUNCTION("""COMPUTED_VALUE"""),"3 ba") -> 3 ba | BO77: =IFERROR(__xludf.DUMMYFUNCTION("""COMPUTED_VALUE"""),2861.0) -> 2861 | BP77: =IFERROR(__xludf.DUMMYFUNCTION("""COMPUTED_VALUE"""),2320.0) -> 2320 | BQ77: =IFERROR(__xludf.DUMMYFUNCTION("""COMPUTED_VALUE"""),2002.0) -> 2002 | BR77: =IFERROR(__xludf.DUMMYFUNCTION("""COMPUTED_VALUE"""),101.0) -> 101 | BS77: =IFERROR(__xludf.DUMMYFUNCTION("""COMPUTED_VALUE"""),"Multi-Family") -> Multi-Family | BT77: =IFERROR(__xludf.DUMMYFUNCTION("""COMPUTED_VALUE"""),"Z614744") -> Z614744 | BU77: =IFERROR(__xludf.DUMMYFUNCTION("""COMPUTED_VALUE"""),"Alex Johnson - Compass") -> Alex Johnson - Compass | BV77: =IFERROR(__xludf.DUMMYFUNCTION("""COMPUTED_VALUE"""),"Sold") -> Sold | BW77: =IFERROR(__xludf.DUMMYFUNCTION("""COMPUTED_VALUE"""),1.0) -> 1 | BX77: =IFERROR(__xludf.DUMMYFUNCTION("""COMPUTED_VALUE"""),"OK") -> OK | BY77: =IFERROR(__xludf.DUMMYFUNCTION("""COMPUTED_VALUE"""),"2600-3600") -> 2600-3600 | BZ77: =IFERROR(__xludf.DUMMYFUNCTION("""COMPUTED_VALUE"""),24.0) -> 24 | CA77: =IFERROR(__xludf.DUMMYFUNCTION("""COMPUTED_VALUE"""),"Mid") -> Mid
A78: 362957 | B78: 5171 Pine Rd, Los Angeles, IL 39506 | C78: Los Angeles | D78: 39506 | E78: IL | F78: 5 bds | G78: 2 ba | H78: 3482 | I78: 1702 | J78: 2011 | K78: 92 | L78: Apartment | M78: Z869944 | N78: Jane Smith - Keller Williams | O78: Sold | P78: =COUNTIF(Analysis!$M$1:$M$3001,Analysis!$M78) -> 1 | Q78: =IF(COUNTIF(Analysis!$M$2:$M$3001,Analysis!$M78)>1,"Duplicate","OK") -> OK | R78: =IFS( AND(H78>=600, H78<1600),"600-1600", AND(H78>=1600, H78<2600),"1600-2600", AND(H78>=2600, H78<3600),"2600-3600", H78>=3600,"3600+" ) -> 2600-3600 | S78: =year(TODAY())-J78 -> 15 | T78: =ifs(AND(S78>=0,S78<=10),"New",AND(S78>10,S78<=30),"Mid",AND(S78>30,S78<=60),"Old",S78>60,"Very Old") -> Mid | BH78: =IFERROR(__xludf.DUMMYFUNCTION("""COMPUTED_VALUE"""),1478203.0) -> 1478203 | BI78: =IFERROR(__xludf.DUMMYFUNCTION("""COMPUTED_VALUE"""),"1085 Oak Ave, San Diego, FL 99061") -> 1085 Oak Ave, San Diego, FL 99061 | BJ78: =IFERROR(__xludf.DUMMYFUNCTION("""COMPUTED_VALUE"""),"San Diego") -> San Diego | BK78: =IFERROR(__xludf.DUMMYFUNCTION("""COMPUTED_VALUE"""),99061.0) -> 99061 | BL78: =IFERROR(__xludf.DUMMYFUNCTION("""COMPUTED_VALUE"""),"FL") -> FL | BM78: =IFERROR(__xludf.DUMMYFUNCTION("""COMPUTED_VALUE"""),"2 bds") -> 2 bds | BN78: =IFERROR(__xludf.DUMMYFUNCTION("""COMPUTED_VALUE"""),"4 ba") -> 4 ba | BO78: =IFERROR(__xludf.DUMMYFUNCTION("""COMPUTED_VALUE"""),3581.0) -> 3581 | BP78: =IFERROR(__xludf.DUMMYFUNCTION("""COMPUTED_VALUE"""),9668.0) -> 9668 | BQ78: =IFERROR(__xludf.DUMMYFUNCTION("""COMPUTED_VALUE"""),1992.0) -> 1992 | BR78: =IFERROR(__xludf.DUMMYFUNCTION("""COMPUTED_VALUE"""),2.0) -> 2 | BS78: =IFERROR(__xludf.DUMMYFUNCTION("""COMPUTED_VALUE"""),"Multi-Family") -> Multi-Family | BT78: =IFERROR(__xludf.DUMMYFUNCTION("""COMPUTED_VALUE"""),"Z828553") -> Z828553 | BU78: =IFERROR(__xludf.DUMMYFUNCTION("""COMPUTED_VALUE"""),"Alex Johnson - Compass") -> Alex Johnson - Compass | BV78: =IFERROR(__xludf.DUMMYFUNCTION("""COMPUTED_VALUE"""),"Sold") -> Sold | BW78: =IFERROR(__xludf.DUMMYFUNCTION("""COMPUTED_VALUE"""),1.0) -> 1 | BX78: =IFERROR(__xludf.DUMMYFUNCTION("""COMPUTED_VALUE"""),"OK") -> OK | BY78: =IFERROR(__xludf.DUMMYFUNCTION("""COMPUTED_VALUE"""),"2600-3600") -> 2600-3600 | BZ78: =IFERROR(__xludf.DUMMYFUNCTION("""COMPUTED_VALUE"""),34.0) -> 34 | CA78: =IFERROR(__xludf.DUMMYFUNCTION("""COMPUTED_VALUE"""),"Old") -> Old
A79: 1387573 | B79: 3305 Main St, San Diego, IL 98587 | C79: San Diego | D79: 98587 | E79: IL | F79: 3 bds | G79: 4 ba | H79: 1949 | I79: 5913 | J79: 1975 | K79: 84 | L79: Single Family | M79: Z148977 | N79: Alex Johnson - Compass | O79: Pending | P79: =COUNTIF(Analysis!$M$1:$M$3001,Analysis!$M79) -> 1 | Q79: =IF(COUNTIF(Analysis!$M$2:$M$3001,Analysis!$M79)>1,"Duplicate","OK") -> OK | R79: =IFS( AND(H79>=600, H79<1600),"600-1600", AND(H79>=1600, H79<2600),"1600-2600", AND(H79>=2600, H79<3600),"2600-3600", H79>=3600,"3600+" ) -> 1600-2600 | S79: =year(TODAY())-J79 -> 51 | T79: =ifs(AND(S79>=0,S79<=10),"New",AND(S79>10,S79<=30),"Mid",AND(S79>30,S79<=60),"Old",S79>60,"Very Old") -> Old | BH79: =IFERROR(__xludf.DUMMYFUNCTION("""COMPUTED_VALUE"""),531098.0) -> 531098 | BI79: =IFERROR(__xludf.DUMMYFUNCTION("""COMPUTED_VALUE"""),"5999 Maple Dr, Fresno, IL 51303") -> 5999 Maple Dr, Fresno, IL 51303 | BJ79: =IFERROR(__xludf.DUMMYFUNCTION("""COMPUTED_VALUE"""),"Fresno") -> Fresno | BK79: =IFERROR(__xludf.DUMMYFUNCTION("""COMPUTED_VALUE"""),51303.0) -> 51303 | BL79: =IFERROR(__xludf.DUMMYFUNCTION("""COMPUTED_VALUE"""),"IL") -> IL | BM79: =IFERROR(__xludf.DUMMYFUNCTION("""COMPUTED_VALUE"""),"1 bds") -> 1 bds | BN79: =IFERROR(__xludf.DUMMYFUNCTION("""COMPUTED_VALUE"""),"3 ba") -> 3 ba | BO79: =IFERROR(__xludf.DUMMYFUNCTION("""COMPUTED_VALUE"""),3332.0) -> 3332 | BP79: =IFERROR(__xludf.DUMMYFUNCTION("""COMPUTED_VALUE"""),3979.0) -> 3979 | BQ79: =IFERROR(__xludf.DUMMYFUNCTION("""COMPUTED_VALUE"""),1958.0) -> 1958 | BR79: =IFERROR(__xludf.DUMMYFUNCTION("""COMPUTED_VALUE"""),9.0) -> 9 | BS79: =IFERROR(__xludf.DUMMYFUNCTION("""COMPUTED_VALUE"""),"Single Family") -> Single Family | BT79: =IFERROR(__xludf.DUMMYFUNCTION("""COMPUTED_VALUE"""),"Z590213") -> Z590213 | BU79: =IFERROR(__xludf.DUMMYFUNCTION("""COMPUTED_VALUE"""),"Alex Johnson - Compass") -> Alex Johnson - Compass | BV79: =IFERROR(__xludf.DUMMYFUNCTION("""COMPUTED_VALUE"""),"Sold") -> Sold | BW79: =IFERROR(__xludf.DUMMYFUNCTION("""COMPUTED_VALUE"""),1.0) -> 1 | BX79: =IFERROR(__xludf.DUMMYFUNCTION("""COMPUTED_VALUE"""),"OK") -> OK | BY79: =IFERROR(__xludf.DUMMYFUNCTION("""COMPUTED_VALUE"""),"2600-3600") -> 2600-3600 | BZ79: =IFERROR(__xludf.DUMMYFUNCTION("""COMPUTED_VALUE"""),68.0) -> 68 | CA79: =IFERROR(__xludf.DUMMYFUNCTION("""COMPUTED_VALUE"""),"Very Old") -> Very Old
A80: 121708 | B80: 5986 Main St, Fresno, NY 76056 | C80: Fresno | D80: 76056 | E80: NY | F80: 3 bds | G80: 3 ba | H80: 3978 | I80: 2483 | J80: 1978 | K80: 112 | L80: Multi-Family | M80: Z778079 | N80: Mike Lee - Coldwell Banker | O80: For Sale | P80: =COUNTIF(Analysis!$M$1:$M$3001,Analysis!$M936) -> 1 | Q80: =IF(COUNTIF(Analysis!$M$2:$M$3001,Analysis!$M936)>1,"Duplicate","OK") -> OK | R80: =IFS( AND(H80>=600, H80<1600),"600-1600", AND(H80>=1600, H80<2600),"1600-2600", AND(H80>=2600, H80<3600),"2600-3600", H80>=3600,"3600+" ) -> 3600+ | S80: =year(TODAY())-J80 -> 48 | T80: =ifs(AND(S80>=0,S80<=10),"New",AND(S80>10,S80<=30),"Mid",AND(S80>30,S80<=60),"Old",S80>60,"Very Old") -> Old | BH80: =IFERROR(__xludf.DUMMYFUNCTION("""COMPUTED_VALUE"""),1055664.0) -> 1055664 | BI80: =IFERROR(__xludf.DUMMYFUNCTION("""COMPUTED_VALUE"""),"5613 Pine Rd, San Francisco, CA 90885") -> 5613 Pine Rd, San Francisco, CA 90885 | BJ80: =IFERROR(__xludf.DUMMYFUNCTION("""COMPUTED_VALUE"""),"San Francisco") -> San Francisco | BK80: =IFERROR(__xludf.DUMMYFUNCTION("""COMPUTED_VALUE"""),90885.0) -> 90885 | BL80: =IFERROR(__xludf.DUMMYFUNCTION("""COMPUTED_VALUE"""),"CA") -> CA | BM80: =IFERROR(__xludf.DUMMYFUNCTION("""COMPUTED_VALUE"""),"1 bds") -> 1 bds | BN80: =IFERROR(__xludf.DUMMYFUNCTION("""COMPUTED_VALUE"""),"2 ba") -> 2 ba | BO80: =IFERROR(__xludf.DUMMYFUNCTION("""COMPUTED_VALUE"""),1984.0) -> 1984 | BP80: =IFERROR(__xludf.DUMMYFUNCTION("""COMPUTED_VALUE"""),2398.0) -> 2398 | BQ80: =IFERROR(__xludf.DUMMYFUNCTION("""COMPUTED_VALUE"""),1983.0) -> 1983 | BR80: =IFERROR(__xludf.DUMMYFUNCTION("""COMPUTED_VALUE"""),7.0) -> 7 | BS80: =IFERROR(__xludf.DUMMYFUNCTION("""COMPUTED_VALUE"""),"Single Family") -> Single Family | BT80: =IFERROR(__xludf.DUMMYFUNCTION("""COMPUTED_VALUE"""),"Z574768") -> Z574768 | BU80: =IFERROR(__xludf.DUMMYFUNCTION("""COMPUTED_VALUE"""),"Alex Johnson - Compass") -> Alex Johnson - Compass | BV80: =IFERROR(__xludf.DUMMYFUNCTION("""COMPUTED_VALUE"""),"Sold") -> Sold | BW80: =IFERROR(__xludf.DUMMYFUNCTION("""COMPUTED_VALUE"""),1.0) -> 1 | BX80: =IFERROR(__xludf.DUMMYFUNCTION("""COMPUTED_VALUE"""),"OK") -> OK | BY80: =IFERROR(__xludf.DUMMYFUNCTION("""COMPUTED_VALUE"""),"1600-2600") -> 1600-2600 | BZ80: =IFERROR(__xludf.DUMMYFUNCTION("""COMPUTED_VALUE"""),43.0) -> 43 | CA80: =IFERROR(__xludf.DUMMYFUNCTION("""COMPUTED_VALUE"""),"Old") -> Old
A81: 1217931 | B81: 9646 Main St, San Diego, IL 55101 | C81: San Diego | D81: 55101 | E81: IL | F81: 1 bds | G81: 3 ba | H81: 2977 | I81: 3400 | J81: 2004 | K81: 62 | L81: Multi-Family | M81: Z318081 | N81: Alex Johnson - Compass | O81: For Sale | P81: =COUNTIF(Analysis!$M$1:$M$3001,Analysis!$M81) -> 1 | Q81: =IF(COUNTIF(Analysis!$M$2:$M$3001,Analysis!$M81)>1,"Duplicate","OK") -> OK | R81: =IFS( AND(H81>=600, H81<1600),"600-1600", AND(H81>=1600, H81<2600),"1600-2600", AND(H81>=2600, H81<3600),"2600-3600", H81>=3600,"3600+" ) -> 2600-3600 | S81: =year(TODAY())-J81 -> 22 | T81: =ifs(AND(S81>=0,S81<=10),"New",AND(S81>10,S81<=30),"Mid",AND(S81>30,S81<=60),"Old",S81>60,"Very Old") -> Mid | BH81: =IFERROR(__xludf.DUMMYFUNCTION("""COMPUTED_VALUE"""),848451.0) -> 848451 | BI81: =IFERROR(__xludf.DUMMYFUNCTION("""COMPUTED_VALUE"""),"9667 Pine Rd, San Diego, CA 79289") -> 9667 Pine Rd, San Diego, CA 79289 | BJ81: =IFERROR(__xludf.DUMMYFUNCTION("""COMPUTED_VALUE"""),"San Diego") -> San Diego | BK81: =IFERROR(__xludf.DUMMYFUNCTION("""COMPUTED_VALUE"""),79289.0) -> 79289 | BL81: =IFERROR(__xludf.DUMMYFUNCTION("""COMPUTED_VALUE"""),"CA") -> CA | BM81: =IFERROR(__xludf.DUMMYFUNCTION("""COMPUTED_VALUE"""),"3 bds") -> 3 bds | BN81: =IFERROR(__xludf.DUMMYFUNCTION("""COMPUTED_VALUE"""),"2 ba") -> 2 ba | BO81: =IFERROR(__xludf.DUMMYFUNCTION("""COMPUTED_VALUE"""),2168.0) -> 2168 | BP81: =IFERROR(__xludf.DUMMYFUNCTION("""COMPUTED_VALUE"""),2019.0) -> 2019 | BQ81: =IFERROR(__xludf.DUMMYFUNCTION("""COMPUTED_VALUE"""),1958.0) -> 1958 | BR81: =IFERROR(__xludf.DUMMYFUNCTION("""COMPUTED_VALUE"""),91.0) -> 91 | BS81: =IFERROR(__xludf.DUMMYFUNCTION("""COMPUTED_VALUE"""),"Townhouse") -> Townhouse | BT81: =IFERROR(__xludf.DUMMYFUNCTION("""COMPUTED_VALUE"""),"Z748389") -> Z748389 | BU81: =IFERROR(__xludf.DUMMYFUNCTION("""COMPUTED_VALUE"""),"Alex Johnson - Compass") -> Alex Johnson - Compass | BV81: =IFERROR(__xludf.DUMMYFUNCTION("""COMPUTED_VALUE"""),"Sold") -> Sold | BW81: =IFERROR(__xludf.DUMMYFUNCTION("""COMPUTED_VALUE"""),1.0) -> 1 | BX81: =IFERROR(__xludf.DUMMYFUNCTION("""COMPUTED_VALUE"""),"OK") -> OK | BY81: =IFERROR(__xludf.DUMMYFUNCTION("""COMPUTED_VALUE"""),"1600-2600") -> 1600-2600 | BZ81: =IFERROR(__xludf.DUMMYFUNCTION("""COMPUTED_VALUE"""),68.0) -> 68 | CA81: =IFERROR(__xludf.DUMMYFUNCTION("""COMPUTED_VALUE"""),"Very Old") -> Very Old
A82: 1369617 | B82: 3673 Maple Dr, San Diego, FL 35654 | C82: San Diego | D82: 35654 | E82: FL | F82: 4 bds | G82: 3 ba | H82: 2199 | I82: 3140 | J82: 1974 | K82: 64 | L82: Apartment | M82: Z397159 | N82: Alex Johnson - Compass | O82: Pending | P82: =COUNTIF(Analysis!$M$1:$M$3001,Analysis!$M82) -> 1 | Q82: =IF(COUNTIF(Analysis!$M$2:$M$3001,Analysis!$M82)>1,"Duplicate","OK") -> OK | R82: =IFS( AND(H82>=600, H82<1600),"600-1600", AND(H82>=1600, H82<2600),"1600-2600", AND(H82>=2600, H82<3600),"2600-3600", H82>=3600,"3600+" ) -> 1600-2600 | S82: =year(TODAY())-J82 -> 52 | T82: =ifs(AND(S82>=0,S82<=10),"New",AND(S82>10,S82<=30),"Mid",AND(S82>30,S82<=60),"Old",S82>60,"Very Old") -> Old | BH82: =IFERROR(__xludf.DUMMYFUNCTION("""COMPUTED_VALUE"""),1116179.0) -> 1116179 | BI82: =IFERROR(__xludf.DUMMYFUNCTION("""COMPUTED_VALUE"""),"2615 Pine Rd, Sacramento, IL 34382") -> 2615 Pine Rd, Sacramento, IL 34382 | BJ82: =IFERROR(__xludf.DUMMYFUNCTION("""COMPUTED_VALUE"""),"Sacramento") -> Sacramento | BK82: =IFERROR(__xludf.DUMMYFUNCTION("""COMPUTED_VALUE"""),34382.0) -> 34382 | BL82: =IFERROR(__xludf.DUMMYFUNCTION("""COMPUTED_VALUE"""),"IL") -> IL | BM82: =IFERROR(__xludf.DUMMYFUNCTION("""COMPUTED_VALUE"""),"1 bds") -> 1 bds | BN82: =IFERROR(__xludf.DUMMYFUNCTION("""COMPUTED_VALUE"""),"1 ba") -> 1 ba | BO82: =IFERROR(__xludf.DUMMYFUNCTION("""COMPUTED_VALUE"""),968.0) -> 968 | BP82: =IFERROR(__xludf.DUMMYFUNCTION("""COMPUTED_VALUE"""),1465.0) -> 1465 | BQ82: =IFERROR(__xludf.DUMMYFUNCTION("""COMPUTED_VALUE"""),1985.0) -> 1985 | BR82: =IFERROR(__xludf.DUMMYFUNCTION("""COMPUTED_VALUE"""),42.0) -> 42 | BS82: =IFERROR(__xludf.DUMMYFUNCTION("""COMPUTED_VALUE"""),"Townhouse") -> Townhouse | BT82: =IFERROR(__xludf.DUMMYFUNCTION("""COMPUTED_VALUE"""),"Z990219") -> Z990219 | BU82: =IFERROR(__xludf.DUMMYFUNCTION("""COMPUTED_VALUE"""),"Alex Johnson - Compass") -> Alex Johnson - Compass | BV82: =IFERROR(__xludf.DUMMYFUNCTION("""COMPUTED_VALUE"""),"Sold") -> Sold | BW82: =IFERROR(__xludf.DUMMYFUNCTION("""COMPUTED_VALUE"""),1.0) -> 1 | BX82: =IFERROR(__xludf.DUMMYFUNCTION("""COMPUTED_VALUE"""),"OK") -> OK | BY82: =IFERROR(__xludf.DUMMYFUNCTION("""COMPUTED_VALUE"""),"600-1600") -> 600-1600 | BZ82: =IFERROR(__xludf.DUMMYFUNCTION("""COMPUTED_VALUE"""),41.0) -> 41 | CA82: =IFERROR(__xludf.DUMMYFUNCTION("""COMPUTED_VALUE"""),"Old") -> Old
A83: 1367380 | B83: 6206 Main St, Los Angeles, FL 28260 | C83: Los Angeles | D83: 28260 | E83: FL | F83: 6 bds | G83: 2 ba | H83: 2960 | I83: 8344 | J83: 2011 | K83: 33 | L83: Multi-Family | M83: Z977398 | N83: Mike Lee - Coldwell Banker | O83: Sold | P83: =COUNTIF(Analysis!$M$1:$M$3001,Analysis!$M83) -> 1 | Q83: =IF(COUNTIF(Analysis!$M$2:$M$3001,Analysis!$M83)>1,"Duplicate","OK") -> OK | R83: =IFS( AND(H83>=600, H83<1600),"600-1600", AND(H83>=1600, H83<2600),"1600-2600", AND(H83>=2600, H83<3600),"2600-3600", H83>=3600,"3600+" ) -> 2600-3600 | S83: =year(TODAY())-J83 -> 15 | T83: =ifs(AND(S83>=0,S83<=10),"New",AND(S83>10,S83<=30),"Mid",AND(S83>30,S83<=60),"Old",S83>60,"Very Old") -> Mid | BH83: =IFERROR(__xludf.DUMMYFUNCTION("""COMPUTED_VALUE"""),433189.0) -> 433189 | BI83: =IFERROR(__xludf.DUMMYFUNCTION("""COMPUTED_VALUE"""),"275 Pine Rd, San Francisco, TX 88715") -> 275 Pine Rd, San Francisco, TX 88715 | BJ83: =IFERROR(__xludf.DUMMYFUNCTION("""COMPUTED_VALUE"""),"San Francisco") -> San Francisco | BK83: =IFERROR(__xludf.DUMMYFUNCTION("""COMPUTED_VALUE"""),88715.0) -> 88715 | BL83: =IFERROR(__xludf.DUMMYFUNCTION("""COMPUTED_VALUE"""),"TX") -> TX | BM83: =IFERROR(__xludf.DUMMYFUNCTION("""COMPUTED_VALUE"""),"6 bds") -> 6 bds | BN83: =IFERROR(__xludf.DUMMYFUNCTION("""COMPUTED_VALUE"""),"4 ba") -> 4 ba | BO83: =IFERROR(__xludf.DUMMYFUNCTION("""COMPUTED_VALUE"""),1179.0) -> 1179 | BP83: =IFERROR(__xludf.DUMMYFUNCTION("""COMPUTED_VALUE"""),8430.0) -> 8430 | BQ83: =IFERROR(__xludf.DUMMYFUNCTION("""COMPUTED_VALUE"""),1966.0) -> 1966 | BR83: =IFERROR(__xludf.DUMMYFUNCTION("""COMPUTED_VALUE"""),43.0) -> 43 | BS83: =IFERROR(__xludf.DUMMYFUNCTION("""COMPUTED_VALUE"""),"Single Family") -> Single Family | BT83: =IFERROR(__xludf.DUMMYFUNCTION("""COMPUTED_VALUE"""),"Z638021") -> Z638021 | BU83: =IFERROR(__xludf.DUMMYFUNCTION("""COMPUTED_VALUE"""),"Alex Johnson - Compass") -> Alex Johnson - Compass | BV83: =IFERROR(__xludf.DUMMYFUNCTION("""COMPUTED_VALUE"""),"Sold") -> Sold | BW83: =IFERROR(__xludf.DUMMYFUNCTION("""COMPUTED_VALUE"""),1.0) -> 1 | BX83: =IFERROR(__xludf.DUMMYFUNCTION("""COMPUTED_VALUE"""),"OK") -> OK | BY83: =IFERROR(__xludf.DUMMYFUNCTION("""COMPUTED_VALUE"""),"600-1600") -> 600-1600 | BZ83: =IFERROR(__xludf.DUMMYFUNCTION("""COMPUTED_VALUE"""),60.0) -> 60 | CA83: =IFERROR(__xludf.DUMMYFUNCTION("""COMPUTED_VALUE"""),"Old") -> Old
A84: 653513 | B84: 905 Main St, San Francisco, CA 24367 | C84: San Francisco | D84: 24367 | E84: CA | F84: 3 bds | G84: 2 ba | H84: 862 | I84: 6303 | J84: 1972 | K84: 64 | L84: Multi-Family | M84: Z684717 | N84: Jane Smith - Keller Williams | O84: Pending | P84: =COUNTIF(Analysis!$M$1:$M$3001,Analysis!$M84) -> 1 | Q84: =IF(COUNTIF(Analysis!$M$2:$M$3001,Analysis!$M84)>1,"Duplicate","OK") -> OK | R84: =IFS( AND(H84>=600, H84<1600),"600-1600", AND(H84>=1600, H84<2600),"1600-2600", AND(H84>=2600, H84<3600),"2600-3600", H84>=3600,"3600+" ) -> 600-1600 | S84: =year(TODAY())-J84 -> 54 | T84: =ifs(AND(S84>=0,S84<=10),"New",AND(S84>10,S84<=30),"Mid",AND(S84>30,S84<=60),"Old",S84>60,"Very Old") -> Old | BH84: =IFERROR(__xludf.DUMMYFUNCTION("""COMPUTED_VALUE"""),130430.0) -> 130430 | BI84: =IFERROR(__xludf.DUMMYFUNCTION("""COMPUTED_VALUE"""),"9523 Main St, San Francisco, CA 98355") -> 9523 Main St, San Francisco, CA 98355 | BJ84: =IFERROR(__xludf.DUMMYFUNCTION("""COMPUTED_VALUE"""),"San Francisco") -> San Francisco | BK84: =IFERROR(__xludf.DUMMYFUNCTION("""COMPUTED_VALUE"""),98355.0) -> 98355 | BL84: =IFERROR(__xludf.DUMMYFUNCTION("""COMPUTED_VALUE"""),"CA") -> CA | BM84: =IFERROR(__xludf.DUMMYFUNCTION("""COMPUTED_VALUE"""),"5 bds") -> 5 bds | BN84: =IFERROR(__xludf.DUMMYFUNCTION("""COMPUTED_VALUE"""),"3 ba") -> 3 ba | BO84: =IFERROR(__xludf.DUMMYFUNCTION("""COMPUTED_VALUE"""),2989.0) -> 2989 | BP84: =IFERROR(__xludf.DUMMYFUNCTION("""COMPUTED_VALUE"""),8110.0) -> 8110 | BQ84: =IFERROR(__xludf.DUMMYFUNCTION("""COMPUTED_VALUE"""),2017.0) -> 2017 | BR84: =IFERROR(__xludf.DUMMYFUNCTION("""COMPUTED_VALUE"""),5.0) -> 5 | BS84: =IFERROR(__xludf.DUMMYFUNCTION("""COMPUTED_VALUE"""),"Townhouse") -> Townhouse | BT84: =IFERROR(__xludf.DUMMYFUNCTION("""COMPUTED_VALUE"""),"Z995192") -> Z995192 | BU84: =IFERROR(__xludf.DUMMYFUNCTION("""COMPUTED_VALUE"""),"Alex Johnson - Compass") -> Alex Johnson - Compass | BV84: =IFERROR(__xludf.DUMMYFUNCTION("""COMPUTED_VALUE"""),"Sold") -> Sold | BW84: =IFERROR(__xludf.DUMMYFUNCTION("""COMPUTED_VALUE"""),1.0) -> 1 | BX84: =IFERROR(__xludf.DUMMYFUNCTION("""COMPUTED_VALUE"""),"OK") -> OK | BY84: =IFERROR(__xludf.DUMMYFUNCTION("""COMPUTED_VALUE"""),"2600-3600") -> 2600-3600 | BZ84: =IFERROR(__xludf.DUMMYFUNCTION("""COMPUTED_VALUE"""),9.0) -> 9 | CA84: =IFERROR(__xludf.DUMMYFUNCTION("""COMPUTED_VALUE"""),"New") -> New
